Model,Type,Dataset,MAPE,SMAPE,RMSE,CV_Score,Best_Params,Feature_Count,Features_Used,Bins_>25%,Bins_5-25%,Bins_<-5%,Bins_-5- -25%,Bins_<-25%,Bins_<5%,Bins_0%
LinearRegression,Normal,data,3.4967062216319725e+17,91.48246668383611,4.225990185299801,3.965885979591532,None,23,"['age', 'gender', 'daily_screen_time_hours', 'phone_usage_hours', 'laptop_usage_hours', 'tablet_usage_hours', 'tv_usage_hours', 'social_media_hours', 'work_related_hours', 'entertainment_hours', 'gaming_hours', 'sleep_duration_hours', 'sleep_quality', 'mood_rating', 'stress_level', 'physical_activity_hours_per_week', 'location_type', 'uses_wellness_apps', 'eats_healthy', 'caffeine_intake_mg_per_day', 'weekly_anxiety_score', 'weekly_depression_score', 'mindfulness_minutes_per_day']",172,22,185,41,144,4,0
LinearRegression,Tuned,data,3.4967062216319725e+17,91.48246668383611,4.225990185299801,3.965885979591532,None,23,"['age', 'gender', 'daily_screen_time_hours', 'phone_usage_hours', 'laptop_usage_hours', 'tablet_usage_hours', 'tv_usage_hours', 'social_media_hours', 'work_related_hours', 'entertainment_hours', 'gaming_hours', 'sleep_duration_hours', 'sleep_quality', 'mood_rating', 'stress_level', 'physical_activity_hours_per_week', 'location_type', 'uses_wellness_apps', 'eats_healthy', 'caffeine_intake_mg_per_day', 'weekly_anxiety_score', 'weekly_depression_score', 'mindfulness_minutes_per_day']",172,22,185,41,144,4,0
LinearRegression,RFECV,data,3.4656265218330394e+17,90.68085315156836,4.2011751696254125,3.913394103788891,None,3,"['sleep_duration_hours', 'stress_level', 'physical_activity_hours_per_week']",177,19,184,44,140,9,0
LinearRegression,Averaged_Ensemble,data,3.542828281348669e+17,91.00746759942258,4.236451229908082,3.971150596877569,None,23,"['age', 'gender', 'daily_screen_time_hours', 'phone_usage_hours', 'laptop_usage_hours', 'tablet_usage_hours', 'tv_usage_hours', 'social_media_hours', 'work_related_hours', 'entertainment_hours', 'gaming_hours', 'sleep_duration_hours', 'sleep_quality', 'mood_rating', 'stress_level', 'physical_activity_hours_per_week', 'location_type', 'uses_wellness_apps', 'eats_healthy', 'caffeine_intake_mg_per_day', 'weekly_anxiety_score', 'weekly_depression_score', 'mindfulness_minutes_per_day']",177,23,183,48,135,4,0
LinearRegression,Normal,cleaned_data,2.351251780824828e+17,81.52912504460333,3.3152071823839546,3.337964671357055,None,23,"['age', 'gender', 'daily_screen_time_hours', 'phone_usage_hours', 'laptop_usage_hours', 'tablet_usage_hours', 'tv_usage_hours', 'social_media_hours', 'work_related_hours', 'entertainment_hours', 'gaming_hours', 'sleep_duration_hours', 'sleep_quality', 'mood_rating', 'stress_level', 'physical_activity_hours_per_week', 'location_type', 'uses_wellness_apps', 'eats_healthy', 'caffeine_intake_mg_per_day', 'weekly_anxiety_score', 'weekly_depression_score', 'mindfulness_minutes_per_day']",164,32,170,56,114,11,0
LinearRegression,Tuned,cleaned_data,2.351251780824828e+17,81.52912504460333,3.3152071823839546,3.337964671357055,None,23,"['age', 'gender', 'daily_screen_time_hours', 'phone_usage_hours', 'laptop_usage_hours', 'tablet_usage_hours', 'tv_usage_hours', 'social_media_hours', 'work_related_hours', 'entertainment_hours', 'gaming_hours', 'sleep_duration_hours', 'sleep_quality', 'mood_rating', 'stress_level', 'physical_activity_hours_per_week', 'location_type', 'uses_wellness_apps', 'eats_healthy', 'caffeine_intake_mg_per_day', 'weekly_anxiety_score', 'weekly_depression_score', 'mindfulness_minutes_per_day']",164,32,170,56,114,11,0
LinearRegression,RFECV,cleaned_data,2.3403096985628906e+17,82.14818399919888,3.308524667155607,3.3121002988569668,None,3,"['sleep_duration_hours', 'stress_level', 'physical_activity_hours_per_week']",167,23,172,55,117,15,0
LinearRegression,Averaged_Ensemble,cleaned_data,2.384680423942491e+17,81.52689850050155,3.313535369174537,3.2897080389652014,None,23,"['age', 'gender', 'daily_screen_time_hours', 'phone_usage_hours', 'laptop_usage_hours', 'tablet_usage_hours', 'tv_usage_hours', 'social_media_hours', 'work_related_hours', 'entertainment_hours', 'gaming_hours', 'sleep_duration_hours', 'sleep_quality', 'mood_rating', 'stress_level', 'physical_activity_hours_per_week', 'location_type', 'uses_wellness_apps', 'eats_healthy', 'caffeine_intake_mg_per_day', 'weekly_anxiety_score', 'weekly_depression_score', 'mindfulness_minutes_per_day']",172,31,166,56,110,11,0
LinearRegression,Normal,binned_data,7.142626484865416e+16,56.11380369340161,1.8926868537368746,1.8567445663898063,None,42,"['age', 'gender', 'daily_screen_time_hours', 'phone_usage_hours', 'laptop_usage_hours', 'tablet_usage_hours', 'tv_usage_hours', 'social_media_hours', 'work_related_hours', 'entertainment_hours', 'gaming_hours', 'sleep_duration_hours', 'sleep_quality', 'mood_rating', 'stress_level', 'physical_activity_hours_per_week', 'location_type', 'uses_wellness_apps', 'eats_healthy', 'caffeine_intake_mg_per_day', 'weekly_anxiety_score', 'weekly_depression_score', 'mindfulness_minutes_per_day', 'age_binned', 'daily_screen_time_hours_binned', 'phone_usage_hours_binned', 'laptop_usage_hours_binned', 'tablet_usage_hours_binned', 'tv_usage_hours_binned', 'social_media_hours_binned', 'work_related_hours_binned', 'entertainment_hours_binned', 'gaming_hours_binned', 'sleep_duration_hours_binned', 'sleep_quality_binned', 'mood_rating_binned', 'stress_level_binned', 'physical_activity_hours_per_week_binned', 'caffeine_intake_mg_per_day_binned', 'weekly_anxiety_score_binned', 'weekly_depression_score_binned', 'mindfulness_minutes_per_day_binned']",131,47,181,65,116,19,0
LinearRegression,Tuned,binned_data,7.142626484865416e+16,56.11380369340161,1.8926868537368746,1.8567445663898063,None,42,"['age', 'gender', 'daily_screen_time_hours', 'phone_usage_hours', 'laptop_usage_hours', 'tablet_usage_hours', 'tv_usage_hours', 'social_media_hours', 'work_related_hours', 'entertainment_hours', 'gaming_hours', 'sleep_duration_hours', 'sleep_quality', 'mood_rating', 'stress_level', 'physical_activity_hours_per_week', 'location_type', 'uses_wellness_apps', 'eats_healthy', 'caffeine_intake_mg_per_day', 'weekly_anxiety_score', 'weekly_depression_score', 'mindfulness_minutes_per_day', 'age_binned', 'daily_screen_time_hours_binned', 'phone_usage_hours_binned', 'laptop_usage_hours_binned', 'tablet_usage_hours_binned', 'tv_usage_hours_binned', 'social_media_hours_binned', 'work_related_hours_binned', 'entertainment_hours_binned', 'gaming_hours_binned', 'sleep_duration_hours_binned', 'sleep_quality_binned', 'mood_rating_binned', 'stress_level_binned', 'physical_activity_hours_per_week_binned', 'caffeine_intake_mg_per_day_binned', 'weekly_anxiety_score_binned', 'weekly_depression_score_binned', 'mindfulness_minutes_per_day_binned']",131,47,181,65,116,19,0
LinearRegression,RFECV,binned_data,7.1514200447255784e+16,54.97031071212516,1.8618924588740866,1.820521401907513,None,2,"['sleep_quality_binned', 'stress_level_binned']",140,39,179,64,115,15,0
LinearRegression,Averaged_Ensemble,binned_data,7.466548486792334e+16,55.53365727104646,1.883898033832043,1.8403323627419883,None,42,"['age', 'gender', 'daily_screen_time_hours', 'phone_usage_hours', 'laptop_usage_hours', 'tablet_usage_hours', 'tv_usage_hours', 'social_media_hours', 'work_related_hours', 'entertainment_hours', 'gaming_hours', 'sleep_duration_hours', 'sleep_quality', 'mood_rating', 'stress_level', 'physical_activity_hours_per_week', 'location_type', 'uses_wellness_apps', 'eats_healthy', 'caffeine_intake_mg_per_day', 'weekly_anxiety_score', 'weekly_depression_score', 'mindfulness_minutes_per_day', 'age_binned', 'daily_screen_time_hours_binned', 'phone_usage_hours_binned', 'laptop_usage_hours_binned', 'tablet_usage_hours_binned', 'tv_usage_hours_binned', 'social_media_hours_binned', 'work_related_hours_binned', 'entertainment_hours_binned', 'gaming_hours_binned', 'sleep_duration_hours_binned', 'sleep_quality_binned', 'mood_rating_binned', 'stress_level_binned', 'physical_activity_hours_per_week_binned', 'caffeine_intake_mg_per_day_binned', 'weekly_anxiety_score_binned', 'weekly_depression_score_binned', 'mindfulness_minutes_per_day_binned']",137,41,180,66,114,22,0
Ridge,Normal,data,3.4974219281460397e+17,91.47650607250333,4.2261517792698955,3.965783573646649,None,23,"['age', 'gender', 'daily_screen_time_hours', 'phone_usage_hours', 'laptop_usage_hours', 'tablet_usage_hours', 'tv_usage_hours', 'social_media_hours', 'work_related_hours', 'entertainment_hours', 'gaming_hours', 'sleep_duration_hours', 'sleep_quality', 'mood_rating', 'stress_level', 'physical_activity_hours_per_week', 'location_type', 'uses_wellness_apps', 'eats_healthy', 'caffeine_intake_mg_per_day', 'weekly_anxiety_score', 'weekly_depression_score', 'mindfulness_minutes_per_day']",172,22,185,41,144,4,0
Ridge,Tuned,data,3.4974219281460397e+17,91.47650607250333,4.2261517792698955,3.965783573646649,{'alpha': 1.0},23,"['age', 'gender', 'daily_screen_time_hours', 'phone_usage_hours', 'laptop_usage_hours', 'tablet_usage_hours', 'tv_usage_hours', 'social_media_hours', 'work_related_hours', 'entertainment_hours', 'gaming_hours', 'sleep_duration_hours', 'sleep_quality', 'mood_rating', 'stress_level', 'physical_activity_hours_per_week', 'location_type', 'uses_wellness_apps', 'eats_healthy', 'caffeine_intake_mg_per_day', 'weekly_anxiety_score', 'weekly_depression_score', 'mindfulness_minutes_per_day']",172,22,185,41,144,4,0
Ridge,RFECV,data,3.466515147246397e+17,90.67808898371416,4.201365518540018,3.913376555292899,None,3,"['sleep_duration_hours', 'stress_level', 'physical_activity_hours_per_week']",177,19,184,44,140,9,0
Ridge,Averaged_Ensemble,data,3.5431160900012883e+17,91.00671390431367,4.236517757958181,3.9711613646555057,None,23,"['age', 'gender', 'daily_screen_time_hours', 'phone_usage_hours', 'laptop_usage_hours', 'tablet_usage_hours', 'tv_usage_hours', 'social_media_hours', 'work_related_hours', 'entertainment_hours', 'gaming_hours', 'sleep_duration_hours', 'sleep_quality', 'mood_rating', 'stress_level', 'physical_activity_hours_per_week', 'location_type', 'uses_wellness_apps', 'eats_healthy', 'caffeine_intake_mg_per_day', 'weekly_anxiety_score', 'weekly_depression_score', 'mindfulness_minutes_per_day']",177,23,183,48,135,4,0
Ridge,Normal,cleaned_data,2.3519245436311146e+17,81.52294519248782,3.315213870507106,3.3379357630728013,None,23,"['age', 'gender', 'daily_screen_time_hours', 'phone_usage_hours', 'laptop_usage_hours', 'tablet_usage_hours', 'tv_usage_hours', 'social_media_hours', 'work_related_hours', 'entertainment_hours', 'gaming_hours', 'sleep_duration_hours', 'sleep_quality', 'mood_rating', 'stress_level', 'physical_activity_hours_per_week', 'location_type', 'uses_wellness_apps', 'eats_healthy', 'caffeine_intake_mg_per_day', 'weekly_anxiety_score', 'weekly_depression_score', 'mindfulness_minutes_per_day']",164,32,170,56,114,11,0
Ridge,Tuned,cleaned_data,2.3519245436311146e+17,81.52294519248782,3.315213870507106,3.3379357630728013,{'alpha': 1.0},23,"['age', 'gender', 'daily_screen_time_hours', 'phone_usage_hours', 'laptop_usage_hours', 'tablet_usage_hours', 'tv_usage_hours', 'social_media_hours', 'work_related_hours', 'entertainment_hours', 'gaming_hours', 'sleep_duration_hours', 'sleep_quality', 'mood_rating', 'stress_level', 'physical_activity_hours_per_week', 'location_type', 'uses_wellness_apps', 'eats_healthy', 'caffeine_intake_mg_per_day', 'weekly_anxiety_score', 'weekly_depression_score', 'mindfulness_minutes_per_day']",164,32,170,56,114,11,0
Ridge,RFECV,cleaned_data,2.340990935860974e+17,82.14323047500068,3.308563356885292,3.312098231113746,None,3,"['sleep_duration_hours', 'stress_level', 'physical_activity_hours_per_week']",167,23,172,56,116,15,0
Ridge,Averaged_Ensemble,cleaned_data,2.3851520136922566e+17,81.52542969242876,3.3135807831941015,3.289770646960274,None,23,"['age', 'gender', 'daily_screen_time_hours', 'phone_usage_hours', 'laptop_usage_hours', 'tablet_usage_hours', 'tv_usage_hours', 'social_media_hours', 'work_related_hours', 'entertainment_hours', 'gaming_hours', 'sleep_duration_hours', 'sleep_quality', 'mood_rating', 'stress_level', 'physical_activity_hours_per_week', 'location_type', 'uses_wellness_apps', 'eats_healthy', 'caffeine_intake_mg_per_day', 'weekly_anxiety_score', 'weekly_depression_score', 'mindfulness_minutes_per_day']",172,31,166,56,110,11,0
Ridge,Normal,binned_data,7.145045277912704e+16,56.108781618724066,1.8925907157047668,1.8566967384730975,None,42,"['age', 'gender', 'daily_screen_time_hours', 'phone_usage_hours', 'laptop_usage_hours', 'tablet_usage_hours', 'tv_usage_hours', 'social_media_hours', 'work_related_hours', 'entertainment_hours', 'gaming_hours', 'sleep_duration_hours', 'sleep_quality', 'mood_rating', 'stress_level', 'physical_activity_hours_per_week', 'location_type', 'uses_wellness_apps', 'eats_healthy', 'caffeine_intake_mg_per_day', 'weekly_anxiety_score', 'weekly_depression_score', 'mindfulness_minutes_per_day', 'age_binned', 'daily_screen_time_hours_binned', 'phone_usage_hours_binned', 'laptop_usage_hours_binned', 'tablet_usage_hours_binned', 'tv_usage_hours_binned', 'social_media_hours_binned', 'work_related_hours_binned', 'entertainment_hours_binned', 'gaming_hours_binned', 'sleep_duration_hours_binned', 'sleep_quality_binned', 'mood_rating_binned', 'stress_level_binned', 'physical_activity_hours_per_week_binned', 'caffeine_intake_mg_per_day_binned', 'weekly_anxiety_score_binned', 'weekly_depression_score_binned', 'mindfulness_minutes_per_day_binned']",131,47,181,65,116,19,0
Ridge,Tuned,binned_data,7.145045277912704e+16,56.108781618724066,1.8925907157047668,1.8566967384730975,{'alpha': 1.0},42,"['age', 'gender', 'daily_screen_time_hours', 'phone_usage_hours', 'laptop_usage_hours', 'tablet_usage_hours', 'tv_usage_hours', 'social_media_hours', 'work_related_hours', 'entertainment_hours', 'gaming_hours', 'sleep_duration_hours', 'sleep_quality', 'mood_rating', 'stress_level', 'physical_activity_hours_per_week', 'location_type', 'uses_wellness_apps', 'eats_healthy', 'caffeine_intake_mg_per_day', 'weekly_anxiety_score', 'weekly_depression_score', 'mindfulness_minutes_per_day', 'age_binned', 'daily_screen_time_hours_binned', 'phone_usage_hours_binned', 'laptop_usage_hours_binned', 'tablet_usage_hours_binned', 'tv_usage_hours_binned', 'social_media_hours_binned', 'work_related_hours_binned', 'entertainment_hours_binned', 'gaming_hours_binned', 'sleep_duration_hours_binned', 'sleep_quality_binned', 'mood_rating_binned', 'stress_level_binned', 'physical_activity_hours_per_week_binned', 'caffeine_intake_mg_per_day_binned', 'weekly_anxiety_score_binned', 'weekly_depression_score_binned', 'mindfulness_minutes_per_day_binned']",131,47,181,65,116,19,0
Ridge,RFECV,binned_data,7.15421632873304e+16,54.96740840430865,1.8618387850631664,1.820520725857263,None,2,"['sleep_quality_binned', 'stress_level_binned']",140,39,179,64,115,15,0
Ridge,Averaged_Ensemble,binned_data,7.467540709204664e+16,55.532633596886825,1.8838827791278763,1.8403470087859723,None,42,"['age', 'gender', 'daily_screen_time_hours', 'phone_usage_hours', 'laptop_usage_hours', 'tablet_usage_hours', 'tv_usage_hours', 'social_media_hours', 'work_related_hours', 'entertainment_hours', 'gaming_hours', 'sleep_duration_hours', 'sleep_quality', 'mood_rating', 'stress_level', 'physical_activity_hours_per_week', 'location_type', 'uses_wellness_apps', 'eats_healthy', 'caffeine_intake_mg_per_day', 'weekly_anxiety_score', 'weekly_depression_score', 'mindfulness_minutes_per_day', 'age_binned', 'daily_screen_time_hours_binned', 'phone_usage_hours_binned', 'laptop_usage_hours_binned', 'tablet_usage_hours_binned', 'tv_usage_hours_binned', 'social_media_hours_binned', 'work_related_hours_binned', 'entertainment_hours_binned', 'gaming_hours_binned', 'sleep_duration_hours_binned', 'sleep_quality_binned', 'mood_rating_binned', 'stress_level_binned', 'physical_activity_hours_per_week_binned', 'caffeine_intake_mg_per_day_binned', 'weekly_anxiety_score_binned', 'weekly_depression_score_binned', 'mindfulness_minutes_per_day_binned']",137,41,180,66,114,22,0
DecisionTree,Normal,data,4.0473233272899795e+17,114.54177026124086,5.911156130939104,5.592543682944519,None,23,"['age', 'gender', 'daily_screen_time_hours', 'phone_usage_hours', 'laptop_usage_hours', 'tablet_usage_hours', 'tv_usage_hours', 'social_media_hours', 'work_related_hours', 'entertainment_hours', 'gaming_hours', 'sleep_duration_hours', 'sleep_quality', 'mood_rating', 'stress_level', 'physical_activity_hours_per_week', 'location_type', 'uses_wellness_apps', 'eats_healthy', 'caffeine_intake_mg_per_day', 'weekly_anxiety_score', 'weekly_depression_score', 'mindfulness_minutes_per_day']",154,29,171,18,153,32,25
DecisionTree,Tuned,data,3.418000842142941e+17,95.83658898423238,4.606554326477869,4.36807463199819,{'max_depth': 5},23,"['age', 'gender', 'daily_screen_time_hours', 'phone_usage_hours', 'laptop_usage_hours', 'tablet_usage_hours', 'tv_usage_hours', 'social_media_hours', 'work_related_hours', 'entertainment_hours', 'gaming_hours', 'sleep_duration_hours', 'sleep_quality', 'mood_rating', 'stress_level', 'physical_activity_hours_per_week', 'location_type', 'uses_wellness_apps', 'eats_healthy', 'caffeine_intake_mg_per_day', 'weekly_anxiety_score', 'weekly_depression_score', 'mindfulness_minutes_per_day']",175,27,176,33,143,6,0
DecisionTree,RFECV,data,3.4611364829423034e+17,94.14499690175256,4.554844998134961,4.172263786887252,None,2,"['sleep_duration_hours', 'stress_level']",175,27,180,41,139,6,0
DecisionTree,Averaged_Ensemble,data,3.5208208235003974e+17,91.84905001438747,4.312052506969429,4.045344025560428,None,23,"['age', 'gender', 'daily_screen_time_hours', 'phone_usage_hours', 'laptop_usage_hours', 'tablet_usage_hours', 'tv_usage_hours', 'social_media_hours', 'work_related_hours', 'entertainment_hours', 'gaming_hours', 'sleep_duration_hours', 'sleep_quality', 'mood_rating', 'stress_level', 'physical_activity_hours_per_week', 'location_type', 'uses_wellness_apps', 'eats_healthy', 'caffeine_intake_mg_per_day', 'weekly_anxiety_score', 'weekly_depression_score', 'mindfulness_minutes_per_day']",183,22,176,39,137,6,0
DecisionTree,Normal,cleaned_data,2.30043789567266e+17,103.8730805768623,4.86074317922729,4.567211801620654,None,23,"['age', 'gender', 'daily_screen_time_hours', 'phone_usage_hours', 'laptop_usage_hours', 'tablet_usage_hours', 'tv_usage_hours', 'social_media_hours', 'work_related_hours', 'entertainment_hours', 'gaming_hours', 'sleep_duration_hours', 'sleep_quality', 'mood_rating', 'stress_level', 'physical_activity_hours_per_week', 'location_type', 'uses_wellness_apps', 'eats_healthy', 'caffeine_intake_mg_per_day', 'weekly_anxiety_score', 'weekly_depression_score', 'mindfulness_minutes_per_day']",157,27,171,26,145,29,21
DecisionTree,Tuned,cleaned_data,2.5219110806493555e+17,84.99530939950964,3.709991775782416,3.6209228009876333,{'max_depth': 5},23,"['age', 'gender', 'daily_screen_time_hours', 'phone_usage_hours', 'laptop_usage_hours', 'tablet_usage_hours', 'tv_usage_hours', 'social_media_hours', 'work_related_hours', 'entertainment_hours', 'gaming_hours', 'sleep_duration_hours', 'sleep_quality', 'mood_rating', 'stress_level', 'physical_activity_hours_per_week', 'location_type', 'uses_wellness_apps', 'eats_healthy', 'caffeine_intake_mg_per_day', 'weekly_anxiety_score', 'weekly_depression_score', 'mindfulness_minutes_per_day']",176,26,170,46,124,9,0
DecisionTree,RFECV,cleaned_data,2.5320222882668746e+17,84.20645095503116,3.5729413352984887,3.529120968821361,None,5,"['gaming_hours', 'sleep_duration_hours', 'mood_rating', 'stress_level', 'physical_activity_hours_per_week']",174,30,165,44,121,9,0
DecisionTree,Averaged_Ensemble,cleaned_data,2.515513244367321e+17,81.94570714413408,3.4051966741977306,3.3344375107075943,None,23,"['age', 'gender', 'daily_screen_time_hours', 'phone_usage_hours', 'laptop_usage_hours', 'tablet_usage_hours', 'tv_usage_hours', 'social_media_hours', 'work_related_hours', 'entertainment_hours', 'gaming_hours', 'sleep_duration_hours', 'sleep_quality', 'mood_rating', 'stress_level', 'physical_activity_hours_per_week', 'location_type', 'uses_wellness_apps', 'eats_healthy', 'caffeine_intake_mg_per_day', 'weekly_anxiety_score', 'weekly_depression_score', 'mindfulness_minutes_per_day']",175,30,163,44,119,10,0
DecisionTree,Normal,binned_data,8.405416231577062e+16,77.00180658420045,2.6562692825939758,2.726481604448385,None,42,"['age', 'gender', 'daily_screen_time_hours', 'phone_usage_hours', 'laptop_usage_hours', 'tablet_usage_hours', 'tv_usage_hours', 'social_media_hours', 'work_related_hours', 'entertainment_hours', 'gaming_hours', 'sleep_duration_hours', 'sleep_quality', 'mood_rating', 'stress_level', 'physical_activity_hours_per_week', 'location_type', 'uses_wellness_apps', 'eats_healthy', 'caffeine_intake_mg_per_day', 'weekly_anxiety_score', 'weekly_depression_score', 'mindfulness_minutes_per_day', 'age_binned', 'daily_screen_time_hours_binned', 'phone_usage_hours_binned', 'laptop_usage_hours_binned', 'tablet_usage_hours_binned', 'tv_usage_hours_binned', 'social_media_hours_binned', 'work_related_hours_binned', 'entertainment_hours_binned', 'gaming_hours_binned', 'sleep_duration_hours_binned', 'sleep_quality_binned', 'mood_rating_binned', 'stress_level_binned', 'physical_activity_hours_per_week_binned', 'caffeine_intake_mg_per_day_binned', 'weekly_anxiety_score_binned', 'weekly_depression_score_binned', 'mindfulness_minutes_per_day_binned']",148,36,182,41,141,10,2
DecisionTree,Tuned,binned_data,7.75039892057066e+16,57.52891872375658,2.0327580320562464,2.0976996864929265,{'max_depth': 5},42,"['age', 'gender', 'daily_screen_time_hours', 'phone_usage_hours', 'laptop_usage_hours', 'tablet_usage_hours', 'tv_usage_hours', 'social_media_hours', 'work_related_hours', 'entertainment_hours', 'gaming_hours', 'sleep_duration_hours', 'sleep_quality', 'mood_rating', 'stress_level', 'physical_activity_hours_per_week', 'location_type', 'uses_wellness_apps', 'eats_healthy', 'caffeine_intake_mg_per_day', 'weekly_anxiety_score', 'weekly_depression_score', 'mindfulness_minutes_per_day', 'age_binned', 'daily_screen_time_hours_binned', 'phone_usage_hours_binned', 'laptop_usage_hours_binned', 'tablet_usage_hours_binned', 'tv_usage_hours_binned', 'social_media_hours_binned', 'work_related_hours_binned', 'entertainment_hours_binned', 'gaming_hours_binned', 'sleep_duration_hours_binned', 'sleep_quality_binned', 'mood_rating_binned', 'stress_level_binned', 'physical_activity_hours_per_week_binned', 'caffeine_intake_mg_per_day_binned', 'weekly_anxiety_score_binned', 'weekly_depression_score_binned', 'mindfulness_minutes_per_day_binned']",143,49,176,69,107,11,0
DecisionTree,RFECV,binned_data,7.305565380144432e+16,57.52124665140948,1.9520204598100828,2.0072868660734815,None,4,"['mindfulness_minutes_per_day', 'sleep_quality_binned', 'mood_rating_binned', 'stress_level_binned']",145,37,175,62,113,16,0
DecisionTree,Averaged_Ensemble,binned_data,7.694256597644362e+16,55.57899657167449,1.9087506992893302,1.885794552579337,None,42,"['age', 'gender', 'daily_screen_time_hours', 'phone_usage_hours', 'laptop_usage_hours', 'tablet_usage_hours', 'tv_usage_hours', 'social_media_hours', 'work_related_hours', 'entertainment_hours', 'gaming_hours', 'sleep_duration_hours', 'sleep_quality', 'mood_rating', 'stress_level', 'physical_activity_hours_per_week', 'location_type', 'uses_wellness_apps', 'eats_healthy', 'caffeine_intake_mg_per_day', 'weekly_anxiety_score', 'weekly_depression_score', 'mindfulness_minutes_per_day', 'age_binned', 'daily_screen_time_hours_binned', 'phone_usage_hours_binned', 'laptop_usage_hours_binned', 'tablet_usage_hours_binned', 'tv_usage_hours_binned', 'social_media_hours_binned', 'work_related_hours_binned', 'entertainment_hours_binned', 'gaming_hours_binned', 'sleep_duration_hours_binned', 'sleep_quality_binned', 'mood_rating_binned', 'stress_level_binned', 'physical_activity_hours_per_week_binned', 'caffeine_intake_mg_per_day_binned', 'weekly_anxiety_score_binned', 'weekly_depression_score_binned', 'mindfulness_minutes_per_day_binned']",142,44,176,68,108,21,0
Lasso,Normal,data,4.2740084395411686e+17,92.72727705802183,4.606772931057077,4.177903521585759,None,23,"['age', 'gender', 'daily_screen_time_hours', 'phone_usage_hours', 'laptop_usage_hours', 'tablet_usage_hours', 'tv_usage_hours', 'social_media_hours', 'work_related_hours', 'entertainment_hours', 'gaming_hours', 'sleep_duration_hours', 'sleep_quality', 'mood_rating', 'stress_level', 'physical_activity_hours_per_week', 'location_type', 'uses_wellness_apps', 'eats_healthy', 'caffeine_intake_mg_per_day', 'weekly_anxiety_score', 'weekly_depression_score', 'mindfulness_minutes_per_day']",179,16,184,31,153,5,0
Lasso,Tuned,data,3.537576514839503e+17,90.9541896064086,4.235367026367985,3.9318054971972107,{'alpha': 0.1},23,"['age', 'gender', 'daily_screen_time_hours', 'phone_usage_hours', 'laptop_usage_hours', 'tablet_usage_hours', 'tv_usage_hours', 'social_media_hours', 'work_related_hours', 'entertainment_hours', 'gaming_hours', 'sleep_duration_hours', 'sleep_quality', 'mood_rating', 'stress_level', 'physical_activity_hours_per_week', 'location_type', 'uses_wellness_apps', 'eats_healthy', 'caffeine_intake_mg_per_day', 'weekly_anxiety_score', 'weekly_depression_score', 'mindfulness_minutes_per_day']",182,15,181,39,142,9,0
Lasso,RFECV,data,3.551555662702671e+17,91.66573842088003,4.270650989367887,3.947648778026959,None,2,"['sleep_duration_hours', 'stress_level']",179,17,184,41,143,3,0
Lasso,Averaged_Ensemble,data,3.560679381065918e+17,90.96977195824054,4.243332062178101,3.964925405866674,None,23,"['age', 'gender', 'daily_screen_time_hours', 'phone_usage_hours', 'laptop_usage_hours', 'tablet_usage_hours', 'tv_usage_hours', 'social_media_hours', 'work_related_hours', 'entertainment_hours', 'gaming_hours', 'sleep_duration_hours', 'sleep_quality', 'mood_rating', 'stress_level', 'physical_activity_hours_per_week', 'location_type', 'uses_wellness_apps', 'eats_healthy', 'caffeine_intake_mg_per_day', 'weekly_anxiety_score', 'weekly_depression_score', 'mindfulness_minutes_per_day']",178,22,183,49,134,5,0
Lasso,Normal,cleaned_data,3.277858782059679e+17,83.63108392403569,3.757142834767886,3.7195382074660763,None,23,"['age', 'gender', 'daily_screen_time_hours', 'phone_usage_hours', 'laptop_usage_hours', 'tablet_usage_hours', 'tv_usage_hours', 'social_media_hours', 'work_related_hours', 'entertainment_hours', 'gaming_hours', 'sleep_duration_hours', 'sleep_quality', 'mood_rating', 'stress_level', 'physical_activity_hours_per_week', 'location_type', 'uses_wellness_apps', 'eats_healthy', 'caffeine_intake_mg_per_day', 'weekly_anxiety_score', 'weekly_depression_score', 'mindfulness_minutes_per_day']",179,24,171,34,137,6,0
Lasso,Tuned,cleaned_data,2.3882919250476896e+17,81.82429548772402,3.32171163428551,3.326076939537901,{'alpha': 0.1},23,"['age', 'gender', 'daily_screen_time_hours', 'phone_usage_hours', 'laptop_usage_hours', 'tablet_usage_hours', 'tv_usage_hours', 'social_media_hours', 'work_related_hours', 'entertainment_hours', 'gaming_hours', 'sleep_duration_hours', 'sleep_quality', 'mood_rating', 'stress_level', 'physical_activity_hours_per_week', 'location_type', 'uses_wellness_apps', 'eats_healthy', 'caffeine_intake_mg_per_day', 'weekly_anxiety_score', 'weekly_depression_score', 'mindfulness_minutes_per_day']",166,23,173,54,119,10,0
Lasso,RFECV,cleaned_data,2.549116513820175e+17,83.59711430448355,3.509692435296186,3.440488108677983,None,2,"['sleep_duration_hours', 'stress_level']",172,25,178,58,120,7,0
Lasso,Averaged_Ensemble,cleaned_data,2.428191616278799e+17,81.68728492943515,3.3220096122035834,3.291904863681173,None,23,"['age', 'gender', 'daily_screen_time_hours', 'phone_usage_hours', 'laptop_usage_hours', 'tablet_usage_hours', 'tv_usage_hours', 'social_media_hours', 'work_related_hours', 'entertainment_hours', 'gaming_hours', 'sleep_duration_hours', 'sleep_quality', 'mood_rating', 'stress_level', 'physical_activity_hours_per_week', 'location_type', 'uses_wellness_apps', 'eats_healthy', 'caffeine_intake_mg_per_day', 'weekly_anxiety_score', 'weekly_depression_score', 'mindfulness_minutes_per_day']",173,28,168,56,112,11,0
Lasso,Normal,binned_data,1.0640411772089123e+17,57.20401593621753,2.0865003283583605,2.131366224064941,None,42,"['age', 'gender', 'daily_screen_time_hours', 'phone_usage_hours', 'laptop_usage_hours', 'tablet_usage_hours', 'tv_usage_hours', 'social_media_hours', 'work_related_hours', 'entertainment_hours', 'gaming_hours', 'sleep_duration_hours', 'sleep_quality', 'mood_rating', 'stress_level', 'physical_activity_hours_per_week', 'location_type', 'uses_wellness_apps', 'eats_healthy', 'caffeine_intake_mg_per_day', 'weekly_anxiety_score', 'weekly_depression_score', 'mindfulness_minutes_per_day', 'age_binned', 'daily_screen_time_hours_binned', 'phone_usage_hours_binned', 'laptop_usage_hours_binned', 'tablet_usage_hours_binned', 'tv_usage_hours_binned', 'social_media_hours_binned', 'work_related_hours_binned', 'entertainment_hours_binned', 'gaming_hours_binned', 'sleep_duration_hours_binned', 'sleep_quality_binned', 'mood_rating_binned', 'stress_level_binned', 'physical_activity_hours_per_week_binned', 'caffeine_intake_mg_per_day_binned', 'weekly_anxiety_score_binned', 'weekly_depression_score_binned', 'mindfulness_minutes_per_day_binned']",145,30,184,72,112,16,0
Lasso,Tuned,binned_data,7.535238280269096e+16,54.64691046060841,1.85867738761146,1.826506908946761,{'alpha': 0.1},42,"['age', 'gender', 'daily_screen_time_hours', 'phone_usage_hours', 'laptop_usage_hours', 'tablet_usage_hours', 'tv_usage_hours', 'social_media_hours', 'work_related_hours', 'entertainment_hours', 'gaming_hours', 'sleep_duration_hours', 'sleep_quality', 'mood_rating', 'stress_level', 'physical_activity_hours_per_week', 'location_type', 'uses_wellness_apps', 'eats_healthy', 'caffeine_intake_mg_per_day', 'weekly_anxiety_score', 'weekly_depression_score', 'mindfulness_minutes_per_day', 'age_binned', 'daily_screen_time_hours_binned', 'phone_usage_hours_binned', 'laptop_usage_hours_binned', 'tablet_usage_hours_binned', 'tv_usage_hours_binned', 'social_media_hours_binned', 'work_related_hours_binned', 'entertainment_hours_binned', 'gaming_hours_binned', 'sleep_duration_hours_binned', 'sleep_quality_binned', 'mood_rating_binned', 'stress_level_binned', 'physical_activity_hours_per_week_binned', 'caffeine_intake_mg_per_day_binned', 'weekly_anxiety_score_binned', 'weekly_depression_score_binned', 'mindfulness_minutes_per_day_binned']",139,38,178,66,112,17,0
Lasso,RFECV,binned_data,7.83064586033383e+16,55.55586920290453,1.9026651721742858,1.883336914504217,None,1,['sleep_quality_binned'],138,42,181,71,110,15,0
Lasso,Averaged_Ensemble,binned_data,7.622536384210506e+16,55.143908572610144,1.875679238592109,1.8345350347596607,None,42,"['age', 'gender', 'daily_screen_time_hours', 'phone_usage_hours', 'laptop_usage_hours', 'tablet_usage_hours', 'tv_usage_hours', 'social_media_hours', 'work_related_hours', 'entertainment_hours', 'gaming_hours', 'sleep_duration_hours', 'sleep_quality', 'mood_rating', 'stress_level', 'physical_activity_hours_per_week', 'location_type', 'uses_wellness_apps', 'eats_healthy', 'caffeine_intake_mg_per_day', 'weekly_anxiety_score', 'weekly_depression_score', 'mindfulness_minutes_per_day', 'age_binned', 'daily_screen_time_hours_binned', 'phone_usage_hours_binned', 'laptop_usage_hours_binned', 'tablet_usage_hours_binned', 'tv_usage_hours_binned', 'social_media_hours_binned', 'work_related_hours_binned', 'entertainment_hours_binned', 'gaming_hours_binned', 'sleep_duration_hours_binned', 'sleep_quality_binned', 'mood_rating_binned', 'stress_level_binned', 'physical_activity_hours_per_week_binned', 'caffeine_intake_mg_per_day_binned', 'weekly_anxiety_score_binned', 'weekly_depression_score_binned', 'mindfulness_minutes_per_day_binned']",139,40,178,63,115,19,0
Lasso,Normal,data,4.2740084395411686e+17,92.72727705802183,4.606772931057077,4.177903521585759,None,23,"['age', 'gender', 'daily_screen_time_hours', 'phone_usage_hours', 'laptop_usage_hours', 'tablet_usage_hours', 'tv_usage_hours', 'social_media_hours', 'work_related_hours', 'entertainment_hours', 'gaming_hours', 'sleep_duration_hours', 'sleep_quality', 'mood_rating', 'stress_level', 'physical_activity_hours_per_week', 'location_type', 'uses_wellness_apps', 'eats_healthy', 'caffeine_intake_mg_per_day', 'weekly_anxiety_score', 'weekly_depression_score', 'mindfulness_minutes_per_day']",179,16,184,31,153,5,0
Lasso,Tuned,data,3.537576514839503e+17,90.9541896064086,4.235367026367985,3.9318054971972107,{'alpha': 0.1},23,"['age', 'gender', 'daily_screen_time_hours', 'phone_usage_hours', 'laptop_usage_hours', 'tablet_usage_hours', 'tv_usage_hours', 'social_media_hours', 'work_related_hours', 'entertainment_hours', 'gaming_hours', 'sleep_duration_hours', 'sleep_quality', 'mood_rating', 'stress_level', 'physical_activity_hours_per_week', 'location_type', 'uses_wellness_apps', 'eats_healthy', 'caffeine_intake_mg_per_day', 'weekly_anxiety_score', 'weekly_depression_score', 'mindfulness_minutes_per_day']",182,15,181,39,142,9,0
Lasso,RFECV,data,3.551555662702671e+17,91.66573842088003,4.270650989367887,3.947648778026959,None,2,"['sleep_duration_hours', 'stress_level']",179,17,184,41,143,3,0
Lasso,Averaged_Ensemble,data,3.560679381065918e+17,90.96977195824054,4.243332062178101,3.964925405866674,None,23,"['age', 'gender', 'daily_screen_time_hours', 'phone_usage_hours', 'laptop_usage_hours', 'tablet_usage_hours', 'tv_usage_hours', 'social_media_hours', 'work_related_hours', 'entertainment_hours', 'gaming_hours', 'sleep_duration_hours', 'sleep_quality', 'mood_rating', 'stress_level', 'physical_activity_hours_per_week', 'location_type', 'uses_wellness_apps', 'eats_healthy', 'caffeine_intake_mg_per_day', 'weekly_anxiety_score', 'weekly_depression_score', 'mindfulness_minutes_per_day']",178,22,183,49,134,5,0
Lasso,Normal,cleaned_data,3.277858782059679e+17,83.63108392403569,3.757142834767886,3.7195382074660763,None,23,"['age', 'gender', 'daily_screen_time_hours', 'phone_usage_hours', 'laptop_usage_hours', 'tablet_usage_hours', 'tv_usage_hours', 'social_media_hours', 'work_related_hours', 'entertainment_hours', 'gaming_hours', 'sleep_duration_hours', 'sleep_quality', 'mood_rating', 'stress_level', 'physical_activity_hours_per_week', 'location_type', 'uses_wellness_apps', 'eats_healthy', 'caffeine_intake_mg_per_day', 'weekly_anxiety_score', 'weekly_depression_score', 'mindfulness_minutes_per_day']",179,24,171,34,137,6,0
Lasso,Tuned,cleaned_data,2.3882919250476896e+17,81.82429548772402,3.32171163428551,3.326076939537901,{'alpha': 0.1},23,"['age', 'gender', 'daily_screen_time_hours', 'phone_usage_hours', 'laptop_usage_hours', 'tablet_usage_hours', 'tv_usage_hours', 'social_media_hours', 'work_related_hours', 'entertainment_hours', 'gaming_hours', 'sleep_duration_hours', 'sleep_quality', 'mood_rating', 'stress_level', 'physical_activity_hours_per_week', 'location_type', 'uses_wellness_apps', 'eats_healthy', 'caffeine_intake_mg_per_day', 'weekly_anxiety_score', 'weekly_depression_score', 'mindfulness_minutes_per_day']",166,23,173,54,119,10,0
Lasso,RFECV,cleaned_data,2.549116513820175e+17,83.59711430448355,3.509692435296186,3.440488108677983,None,2,"['sleep_duration_hours', 'stress_level']",172,25,178,58,120,7,0
Lasso,Averaged_Ensemble,cleaned_data,2.428191616278799e+17,81.68728492943515,3.322009612203584,3.291904863681173,None,23,"['age', 'gender', 'daily_screen_time_hours', 'phone_usage_hours', 'laptop_usage_hours', 'tablet_usage_hours', 'tv_usage_hours', 'social_media_hours', 'work_related_hours', 'entertainment_hours', 'gaming_hours', 'sleep_duration_hours', 'sleep_quality', 'mood_rating', 'stress_level', 'physical_activity_hours_per_week', 'location_type', 'uses_wellness_apps', 'eats_healthy', 'caffeine_intake_mg_per_day', 'weekly_anxiety_score', 'weekly_depression_score', 'mindfulness_minutes_per_day']",173,28,168,56,112,11,0
Lasso,Normal,binned_data,1.0640411772089123e+17,57.20401593621753,2.0865003283583605,2.131366224064941,None,42,"['age', 'gender', 'daily_screen_time_hours', 'phone_usage_hours', 'laptop_usage_hours', 'tablet_usage_hours', 'tv_usage_hours', 'social_media_hours', 'work_related_hours', 'entertainment_hours', 'gaming_hours', 'sleep_duration_hours', 'sleep_quality', 'mood_rating', 'stress_level', 'physical_activity_hours_per_week', 'location_type', 'uses_wellness_apps', 'eats_healthy', 'caffeine_intake_mg_per_day', 'weekly_anxiety_score', 'weekly_depression_score', 'mindfulness_minutes_per_day', 'age_binned', 'daily_screen_time_hours_binned', 'phone_usage_hours_binned', 'laptop_usage_hours_binned', 'tablet_usage_hours_binned', 'tv_usage_hours_binned', 'social_media_hours_binned', 'work_related_hours_binned', 'entertainment_hours_binned', 'gaming_hours_binned', 'sleep_duration_hours_binned', 'sleep_quality_binned', 'mood_rating_binned', 'stress_level_binned', 'physical_activity_hours_per_week_binned', 'caffeine_intake_mg_per_day_binned', 'weekly_anxiety_score_binned', 'weekly_depression_score_binned', 'mindfulness_minutes_per_day_binned']",145,30,184,72,112,16,0
Lasso,Tuned,binned_data,7.535238280269096e+16,54.64691046060841,1.85867738761146,1.826506908946761,{'alpha': 0.1},42,"['age', 'gender', 'daily_screen_time_hours', 'phone_usage_hours', 'laptop_usage_hours', 'tablet_usage_hours', 'tv_usage_hours', 'social_media_hours', 'work_related_hours', 'entertainment_hours', 'gaming_hours', 'sleep_duration_hours', 'sleep_quality', 'mood_rating', 'stress_level', 'physical_activity_hours_per_week', 'location_type', 'uses_wellness_apps', 'eats_healthy', 'caffeine_intake_mg_per_day', 'weekly_anxiety_score', 'weekly_depression_score', 'mindfulness_minutes_per_day', 'age_binned', 'daily_screen_time_hours_binned', 'phone_usage_hours_binned', 'laptop_usage_hours_binned', 'tablet_usage_hours_binned', 'tv_usage_hours_binned', 'social_media_hours_binned', 'work_related_hours_binned', 'entertainment_hours_binned', 'gaming_hours_binned', 'sleep_duration_hours_binned', 'sleep_quality_binned', 'mood_rating_binned', 'stress_level_binned', 'physical_activity_hours_per_week_binned', 'caffeine_intake_mg_per_day_binned', 'weekly_anxiety_score_binned', 'weekly_depression_score_binned', 'mindfulness_minutes_per_day_binned']",139,38,178,66,112,17,0
Lasso,RFECV,binned_data,7.83064586033383e+16,55.55586920290453,1.9026651721742858,1.883336914504217,None,1,['sleep_quality_binned'],138,42,181,71,110,15,0
Lasso,Averaged_Ensemble,binned_data,7.622536384210506e+16,55.143908572610144,1.8756792385921088,1.8345350347596607,None,42,"['age', 'gender', 'daily_screen_time_hours', 'phone_usage_hours', 'laptop_usage_hours', 'tablet_usage_hours', 'tv_usage_hours', 'social_media_hours', 'work_related_hours', 'entertainment_hours', 'gaming_hours', 'sleep_duration_hours', 'sleep_quality', 'mood_rating', 'stress_level', 'physical_activity_hours_per_week', 'location_type', 'uses_wellness_apps', 'eats_healthy', 'caffeine_intake_mg_per_day', 'weekly_anxiety_score', 'weekly_depression_score', 'mindfulness_minutes_per_day', 'age_binned', 'daily_screen_time_hours_binned', 'phone_usage_hours_binned', 'laptop_usage_hours_binned', 'tablet_usage_hours_binned', 'tv_usage_hours_binned', 'social_media_hours_binned', 'work_related_hours_binned', 'entertainment_hours_binned', 'gaming_hours_binned', 'sleep_duration_hours_binned', 'sleep_quality_binned', 'mood_rating_binned', 'stress_level_binned', 'physical_activity_hours_per_week_binned', 'caffeine_intake_mg_per_day_binned', 'weekly_anxiety_score_binned', 'weekly_depression_score_binned', 'mindfulness_minutes_per_day_binned']",139,40,178,63,115,19,0
ElasticNet,Normal,data,4.239810443640777e+17,91.81339069497396,4.542278279592227,4.13135136768037,None,23,"['age', 'gender', 'daily_screen_time_hours', 'phone_usage_hours', 'laptop_usage_hours', 'tablet_usage_hours', 'tv_usage_hours', 'social_media_hours', 'work_related_hours', 'entertainment_hours', 'gaming_hours', 'sleep_duration_hours', 'sleep_quality', 'mood_rating', 'stress_level', 'physical_activity_hours_per_week', 'location_type', 'uses_wellness_apps', 'eats_healthy', 'caffeine_intake_mg_per_day', 'weekly_anxiety_score', 'weekly_depression_score', 'mindfulness_minutes_per_day']",178,19,184,33,151,5,0
ElasticNet,Tuned,data,3.5444248394284186e+17,90.97560391672062,4.2371116356132035,3.9342986956062624,"{'alpha': 0.1, 'l1_ratio': 0.9}",23,"['age', 'gender', 'daily_screen_time_hours', 'phone_usage_hours', 'laptop_usage_hours', 'tablet_usage_hours', 'tv_usage_hours', 'social_media_hours', 'work_related_hours', 'entertainment_hours', 'gaming_hours', 'sleep_duration_hours', 'sleep_quality', 'mood_rating', 'stress_level', 'physical_activity_hours_per_week', 'location_type', 'uses_wellness_apps', 'eats_healthy', 'caffeine_intake_mg_per_day', 'weekly_anxiety_score', 'weekly_depression_score', 'mindfulness_minutes_per_day']",182,14,181,39,142,10,0
ElasticNet,RFECV,data,3.5451031076480614e+17,90.54794588020201,4.225954158079662,3.918069103962136,None,3,"['sleep_duration_hours', 'stress_level', 'physical_activity_hours_per_week']",180,15,182,40,142,9,0
ElasticNet,Averaged_Ensemble,data,3.56296215592889e+17,90.97618831729794,4.243732150395685,3.965714989536013,None,23,"['age', 'gender', 'daily_screen_time_hours', 'phone_usage_hours', 'laptop_usage_hours', 'tablet_usage_hours', 'tv_usage_hours', 'social_media_hours', 'work_related_hours', 'entertainment_hours', 'gaming_hours', 'sleep_duration_hours', 'sleep_quality', 'mood_rating', 'stress_level', 'physical_activity_hours_per_week', 'location_type', 'uses_wellness_apps', 'eats_healthy', 'caffeine_intake_mg_per_day', 'weekly_anxiety_score', 'weekly_depression_score', 'mindfulness_minutes_per_day']",178,22,183,49,134,6,0
ElasticNet,Normal,cleaned_data,3.3031905450978675e+17,82.15527082172561,3.6804637101187665,3.670181567631325,None,23,"['age', 'gender', 'daily_screen_time_hours', 'phone_usage_hours', 'laptop_usage_hours', 'tablet_usage_hours', 'tv_usage_hours', 'social_media_hours', 'work_related_hours', 'entertainment_hours', 'gaming_hours', 'sleep_duration_hours', 'sleep_quality', 'mood_rating', 'stress_level', 'physical_activity_hours_per_week', 'location_type', 'uses_wellness_apps', 'eats_healthy', 'caffeine_intake_mg_per_day', 'weekly_anxiety_score', 'weekly_depression_score', 'mindfulness_minutes_per_day']",174,22,172,43,129,10,0
ElasticNet,Tuned,cleaned_data,2.394563683525778e+17,81.7292964867731,3.3214282896769927,3.3275238808056726,"{'alpha': 0.1, 'l1_ratio': 0.9}",23,"['age', 'gender', 'daily_screen_time_hours', 'phone_usage_hours', 'laptop_usage_hours', 'tablet_usage_hours', 'tv_usage_hours', 'social_media_hours', 'work_related_hours', 'entertainment_hours', 'gaming_hours', 'sleep_duration_hours', 'sleep_quality', 'mood_rating', 'stress_level', 'physical_activity_hours_per_week', 'location_type', 'uses_wellness_apps', 'eats_healthy', 'caffeine_intake_mg_per_day', 'weekly_anxiety_score', 'weekly_depression_score', 'mindfulness_minutes_per_day']",167,22,171,54,117,13,0
ElasticNet,RFECV,cleaned_data,2.392472201895773e+17,81.87545131146189,3.3220747092008907,3.3180569916193963,None,3,"['sleep_duration_hours', 'stress_level', 'physical_activity_hours_per_week']",168,22,171,56,115,13,0
ElasticNet,Averaged_Ensemble,cleaned_data,2.4307358938267606e+17,81.66644071029941,3.3219453820441354,3.2924365508110855,None,23,"['age', 'gender', 'daily_screen_time_hours', 'phone_usage_hours', 'laptop_usage_hours', 'tablet_usage_hours', 'tv_usage_hours', 'social_media_hours', 'work_related_hours', 'entertainment_hours', 'gaming_hours', 'sleep_duration_hours', 'sleep_quality', 'mood_rating', 'stress_level', 'physical_activity_hours_per_week', 'location_type', 'uses_wellness_apps', 'eats_healthy', 'caffeine_intake_mg_per_day', 'weekly_anxiety_score', 'weekly_depression_score', 'mindfulness_minutes_per_day']",173,28,168,56,112,12,0
ElasticNet,Normal,binned_data,9.928252403624928e+16,56.0965087592023,2.0014463161482516,2.0310951261631565,None,42,"['age', 'gender', 'daily_screen_time_hours', 'phone_usage_hours', 'laptop_usage_hours', 'tablet_usage_hours', 'tv_usage_hours', 'social_media_hours', 'work_related_hours', 'entertainment_hours', 'gaming_hours', 'sleep_duration_hours', 'sleep_quality', 'mood_rating', 'stress_level', 'physical_activity_hours_per_week', 'location_type', 'uses_wellness_apps', 'eats_healthy', 'caffeine_intake_mg_per_day', 'weekly_anxiety_score', 'weekly_depression_score', 'mindfulness_minutes_per_day', 'age_binned', 'daily_screen_time_hours_binned', 'phone_usage_hours_binned', 'laptop_usage_hours_binned', 'tablet_usage_hours_binned', 'tv_usage_hours_binned', 'social_media_hours_binned', 'work_related_hours_binned', 'entertainment_hours_binned', 'gaming_hours_binned', 'sleep_duration_hours_binned', 'sleep_quality_binned', 'mood_rating_binned', 'stress_level_binned', 'physical_activity_hours_per_week_binned', 'caffeine_intake_mg_per_day_binned', 'weekly_anxiety_score_binned', 'weekly_depression_score_binned', 'mindfulness_minutes_per_day_binned']",140,36,182,71,111,12,0
ElasticNet,Tuned,binned_data,7.530307374459867e+16,54.67541045807658,1.8593269583477423,1.8267003538861113,"{'alpha': 0.1, 'l1_ratio': 0.9}",42,"['age', 'gender', 'daily_screen_time_hours', 'phone_usage_hours', 'laptop_usage_hours', 'tablet_usage_hours', 'tv_usage_hours', 'social_media_hours', 'work_related_hours', 'entertainment_hours', 'gaming_hours', 'sleep_duration_hours', 'sleep_quality', 'mood_rating', 'stress_level', 'physical_activity_hours_per_week', 'location_type', 'uses_wellness_apps', 'eats_healthy', 'caffeine_intake_mg_per_day', 'weekly_anxiety_score', 'weekly_depression_score', 'mindfulness_minutes_per_day', 'age_binned', 'daily_screen_time_hours_binned', 'phone_usage_hours_binned', 'laptop_usage_hours_binned', 'tablet_usage_hours_binned', 'tv_usage_hours_binned', 'social_media_hours_binned', 'work_related_hours_binned', 'entertainment_hours_binned', 'gaming_hours_binned', 'sleep_duration_hours_binned', 'sleep_quality_binned', 'mood_rating_binned', 'stress_level_binned', 'physical_activity_hours_per_week_binned', 'caffeine_intake_mg_per_day_binned', 'weekly_anxiety_score_binned', 'weekly_depression_score_binned', 'mindfulness_minutes_per_day_binned']",139,38,180,68,112,17,0
ElasticNet,RFECV,binned_data,7.537241220009488e+16,54.635454605639524,1.858169177697321,1.8254782791040702,None,2,"['sleep_quality_binned', 'stress_level_binned']",139,38,179,69,110,16,0
ElasticNet,Averaged_Ensemble,binned_data,7.620892748940763e+16,55.151209312096206,1.8759672740195348,1.8345715353466883,None,42,"['age', 'gender', 'daily_screen_time_hours', 'phone_usage_hours', 'laptop_usage_hours', 'tablet_usage_hours', 'tv_usage_hours', 'social_media_hours', 'work_related_hours', 'entertainment_hours', 'gaming_hours', 'sleep_duration_hours', 'sleep_quality', 'mood_rating', 'stress_level', 'physical_activity_hours_per_week', 'location_type', 'uses_wellness_apps', 'eats_healthy', 'caffeine_intake_mg_per_day', 'weekly_anxiety_score', 'weekly_depression_score', 'mindfulness_minutes_per_day', 'age_binned', 'daily_screen_time_hours_binned', 'phone_usage_hours_binned', 'laptop_usage_hours_binned', 'tablet_usage_hours_binned', 'tv_usage_hours_binned', 'social_media_hours_binned', 'work_related_hours_binned', 'entertainment_hours_binned', 'gaming_hours_binned', 'sleep_duration_hours_binned', 'sleep_quality_binned', 'mood_rating_binned', 'stress_level_binned', 'physical_activity_hours_per_week_binned', 'caffeine_intake_mg_per_day_binned', 'weekly_anxiety_score_binned', 'weekly_depression_score_binned', 'mindfulness_minutes_per_day_binned']",139,40,178,64,114,19,0
RandomForest,Normal,data,3.614275052225098e+17,92.6885569003696,4.333184740444872,4.060170261179475,None,23,"['age', 'gender', 'daily_screen_time_hours', 'phone_usage_hours', 'laptop_usage_hours', 'tablet_usage_hours', 'tv_usage_hours', 'social_media_hours', 'work_related_hours', 'entertainment_hours', 'gaming_hours', 'sleep_duration_hours', 'sleep_quality', 'mood_rating', 'stress_level', 'physical_activity_hours_per_week', 'location_type', 'uses_wellness_apps', 'eats_healthy', 'caffeine_intake_mg_per_day', 'weekly_anxiety_score', 'weekly_depression_score', 'mindfulness_minutes_per_day']",179,26,170,30,140,6,0
RandomForest,Tuned,data,3.478457337343617e+17,92.34973790770583,4.3380126256691955,4.005749579441736,"{'max_depth': 5, 'n_estimators': 100}",23,"['age', 'gender', 'daily_screen_time_hours', 'phone_usage_hours', 'laptop_usage_hours', 'tablet_usage_hours', 'tv_usage_hours', 'social_media_hours', 'work_related_hours', 'entertainment_hours', 'gaming_hours', 'sleep_duration_hours', 'sleep_quality', 'mood_rating', 'stress_level', 'physical_activity_hours_per_week', 'location_type', 'uses_wellness_apps', 'eats_healthy', 'caffeine_intake_mg_per_day', 'weekly_anxiety_score', 'weekly_depression_score', 'mindfulness_minutes_per_day']",174,31,180,38,142,4,0
RandomForest,RFECV,data,3.477749479261469e+17,92.33475559672058,4.349150269413048,3.9821966661879906,None,14,"['age', 'daily_screen_time_hours', 'phone_usage_hours', 'tablet_usage_hours', 'tv_usage_hours', 'social_media_hours', 'work_related_hours', 'entertainment_hours', 'sleep_duration_hours', 'stress_level', 'physical_activity_hours_per_week', 'uses_wellness_apps', 'caffeine_intake_mg_per_day', 'mindfulness_minutes_per_day']",175,27,179,41,138,7,0
RandomForest,Averaged_Ensemble,data,3.5409729885672896e+17,91.4022071565496,4.285508718551448,3.997708690976895,None,23,"['age', 'gender', 'daily_screen_time_hours', 'phone_usage_hours', 'laptop_usage_hours', 'tablet_usage_hours', 'tv_usage_hours', 'social_media_hours', 'work_related_hours', 'entertainment_hours', 'gaming_hours', 'sleep_duration_hours', 'sleep_quality', 'mood_rating', 'stress_level', 'physical_activity_hours_per_week', 'location_type', 'uses_wellness_apps', 'eats_healthy', 'caffeine_intake_mg_per_day', 'weekly_anxiety_score', 'weekly_depression_score', 'mindfulness_minutes_per_day']",176,25,177,38,139,2,0
RandomForest,Normal,cleaned_data,2.602676710108328e+17,82.89435039890748,3.4123340377574434,3.3511127363479716,None,23,"['age', 'gender', 'daily_screen_time_hours', 'phone_usage_hours', 'laptop_usage_hours', 'tablet_usage_hours', 'tv_usage_hours', 'social_media_hours', 'work_related_hours', 'entertainment_hours', 'gaming_hours', 'sleep_duration_hours', 'sleep_quality', 'mood_rating', 'stress_level', 'physical_activity_hours_per_week', 'location_type', 'uses_wellness_apps', 'eats_healthy', 'caffeine_intake_mg_per_day', 'weekly_anxiety_score', 'weekly_depression_score', 'mindfulness_minutes_per_day']",177,30,168,51,117,8,0
RandomForest,Tuned,cleaned_data,2.504966295744959e+17,82.4223039635423,3.4241950160170274,3.3494338126639143,"{'max_depth': 5, 'n_estimators': 50}",23,"['age', 'gender', 'daily_screen_time_hours', 'phone_usage_hours', 'laptop_usage_hours', 'tablet_usage_hours', 'tv_usage_hours', 'social_media_hours', 'work_related_hours', 'entertainment_hours', 'gaming_hours', 'sleep_duration_hours', 'sleep_quality', 'mood_rating', 'stress_level', 'physical_activity_hours_per_week', 'location_type', 'uses_wellness_apps', 'eats_healthy', 'caffeine_intake_mg_per_day', 'weekly_anxiety_score', 'weekly_depression_score', 'mindfulness_minutes_per_day']",176,28,166,48,118,7,0
RandomForest,RFECV,cleaned_data,2.5073508887461965e+17,81.9142190317205,3.3862062478482473,3.3653417570672404,None,22,"['age', 'gender', 'daily_screen_time_hours', 'phone_usage_hours', 'laptop_usage_hours', 'tablet_usage_hours', 'tv_usage_hours', 'social_media_hours', 'work_related_hours', 'entertainment_hours', 'gaming_hours', 'sleep_duration_hours', 'sleep_quality', 'mood_rating', 'stress_level', 'physical_activity_hours_per_week', 'uses_wellness_apps', 'eats_healthy', 'caffeine_intake_mg_per_day', 'weekly_anxiety_score', 'weekly_depression_score', 'mindfulness_minutes_per_day']",174,32,169,49,120,4,0
RandomForest,Averaged_Ensemble,cleaned_data,2.5098649827325226e+17,81.828653321846,3.370053472423903,3.3118609781698134,None,23,"['age', 'gender', 'daily_screen_time_hours', 'phone_usage_hours', 'laptop_usage_hours', 'tablet_usage_hours', 'tv_usage_hours', 'social_media_hours', 'work_related_hours', 'entertainment_hours', 'gaming_hours', 'sleep_duration_hours', 'sleep_quality', 'mood_rating', 'stress_level', 'physical_activity_hours_per_week', 'location_type', 'uses_wellness_apps', 'eats_healthy', 'caffeine_intake_mg_per_day', 'weekly_anxiety_score', 'weekly_depression_score', 'mindfulness_minutes_per_day']",172,32,166,50,116,9,0
RandomForest,Normal,binned_data,7.577308426323592e+16,55.71262178750338,1.9085114675190478,1.8590783086421256,None,42,"['age', 'gender', 'daily_screen_time_hours', 'phone_usage_hours', 'laptop_usage_hours', 'tablet_usage_hours', 'tv_usage_hours', 'social_media_hours', 'work_related_hours', 'entertainment_hours', 'gaming_hours', 'sleep_duration_hours', 'sleep_quality', 'mood_rating', 'stress_level', 'physical_activity_hours_per_week', 'location_type', 'uses_wellness_apps', 'eats_healthy', 'caffeine_intake_mg_per_day', 'weekly_anxiety_score', 'weekly_depression_score', 'mindfulness_minutes_per_day', 'age_binned', 'daily_screen_time_hours_binned', 'phone_usage_hours_binned', 'laptop_usage_hours_binned', 'tablet_usage_hours_binned', 'tv_usage_hours_binned', 'social_media_hours_binned', 'work_related_hours_binned', 'entertainment_hours_binned', 'gaming_hours_binned', 'sleep_duration_hours_binned', 'sleep_quality_binned', 'mood_rating_binned', 'stress_level_binned', 'physical_activity_hours_per_week_binned', 'caffeine_intake_mg_per_day_binned', 'weekly_anxiety_score_binned', 'weekly_depression_score_binned', 'mindfulness_minutes_per_day_binned']",134,51,174,59,115,17,0
RandomForest,Tuned,binned_data,7.603554896300426e+16,55.66092948089535,1.89335949318153,1.852803653377417,"{'max_depth': 5, 'n_estimators': 100}",42,"['age', 'gender', 'daily_screen_time_hours', 'phone_usage_hours', 'laptop_usage_hours', 'tablet_usage_hours', 'tv_usage_hours', 'social_media_hours', 'work_related_hours', 'entertainment_hours', 'gaming_hours', 'sleep_duration_hours', 'sleep_quality', 'mood_rating', 'stress_level', 'physical_activity_hours_per_week', 'location_type', 'uses_wellness_apps', 'eats_healthy', 'caffeine_intake_mg_per_day', 'weekly_anxiety_score', 'weekly_depression_score', 'mindfulness_minutes_per_day', 'age_binned', 'daily_screen_time_hours_binned', 'phone_usage_hours_binned', 'laptop_usage_hours_binned', 'tablet_usage_hours_binned', 'tv_usage_hours_binned', 'social_media_hours_binned', 'work_related_hours_binned', 'entertainment_hours_binned', 'gaming_hours_binned', 'sleep_duration_hours_binned', 'sleep_quality_binned', 'mood_rating_binned', 'stress_level_binned', 'physical_activity_hours_per_week_binned', 'caffeine_intake_mg_per_day_binned', 'weekly_anxiety_score_binned', 'weekly_depression_score_binned', 'mindfulness_minutes_per_day_binned']",136,51,177,61,116,16,0
RandomForest,RFECV,binned_data,7.527033663760224e+16,55.8194819671961,1.8973675781809756,1.8538938723771698,None,42,"['age', 'gender', 'daily_screen_time_hours', 'phone_usage_hours', 'laptop_usage_hours', 'tablet_usage_hours', 'tv_usage_hours', 'social_media_hours', 'work_related_hours', 'entertainment_hours', 'gaming_hours', 'sleep_duration_hours', 'sleep_quality', 'mood_rating', 'stress_level', 'physical_activity_hours_per_week', 'location_type', 'uses_wellness_apps', 'eats_healthy', 'caffeine_intake_mg_per_day', 'weekly_anxiety_score', 'weekly_depression_score', 'mindfulness_minutes_per_day', 'age_binned', 'daily_screen_time_hours_binned', 'phone_usage_hours_binned', 'laptop_usage_hours_binned', 'tablet_usage_hours_binned', 'tv_usage_hours_binned', 'social_media_hours_binned', 'work_related_hours_binned', 'entertainment_hours_binned', 'gaming_hours_binned', 'sleep_duration_hours_binned', 'sleep_quality_binned', 'mood_rating_binned', 'stress_level_binned', 'physical_activity_hours_per_week_binned', 'caffeine_intake_mg_per_day_binned', 'weekly_anxiety_score_binned', 'weekly_depression_score_binned', 'mindfulness_minutes_per_day_binned']",138,49,175,56,119,13,0
RandomForest,Averaged_Ensemble,binned_data,7.645308589554283e+16,55.503319103919004,1.8897521108949809,1.8470499879464537,None,42,"['age', 'gender', 'daily_screen_time_hours', 'phone_usage_hours', 'laptop_usage_hours', 'tablet_usage_hours', 'tv_usage_hours', 'social_media_hours', 'work_related_hours', 'entertainment_hours', 'gaming_hours', 'sleep_duration_hours', 'sleep_quality', 'mood_rating', 'stress_level', 'physical_activity_hours_per_week', 'location_type', 'uses_wellness_apps', 'eats_healthy', 'caffeine_intake_mg_per_day', 'weekly_anxiety_score', 'weekly_depression_score', 'mindfulness_minutes_per_day', 'age_binned', 'daily_screen_time_hours_binned', 'phone_usage_hours_binned', 'laptop_usage_hours_binned', 'tablet_usage_hours_binned', 'tv_usage_hours_binned', 'social_media_hours_binned', 'work_related_hours_binned', 'entertainment_hours_binned', 'gaming_hours_binned', 'sleep_duration_hours_binned', 'sleep_quality_binned', 'mood_rating_binned', 'stress_level_binned', 'physical_activity_hours_per_week_binned', 'caffeine_intake_mg_per_day_binned', 'weekly_anxiety_score_binned', 'weekly_depression_score_binned', 'mindfulness_minutes_per_day_binned']",137,42,177,61,116,22,0
ExtraTrees,Normal,data,3.674926832857468e+17,91.88543984562759,4.3145147654978615,4.046149006280891,None,23,"['age', 'gender', 'daily_screen_time_hours', 'phone_usage_hours', 'laptop_usage_hours', 'tablet_usage_hours', 'tv_usage_hours', 'social_media_hours', 'work_related_hours', 'entertainment_hours', 'gaming_hours', 'sleep_duration_hours', 'sleep_quality', 'mood_rating', 'stress_level', 'physical_activity_hours_per_week', 'location_type', 'uses_wellness_apps', 'eats_healthy', 'caffeine_intake_mg_per_day', 'weekly_anxiety_score', 'weekly_depression_score', 'mindfulness_minutes_per_day']",177,23,174,37,137,6,0
ExtraTrees,Tuned,data,3.607277629814648e+17,91.2475840184807,4.289708546406668,3.971572381262527,"{'max_depth': 5, 'n_estimators': 100}",23,"['age', 'gender', 'daily_screen_time_hours', 'phone_usage_hours', 'laptop_usage_hours', 'tablet_usage_hours', 'tv_usage_hours', 'social_media_hours', 'work_related_hours', 'entertainment_hours', 'gaming_hours', 'sleep_duration_hours', 'sleep_quality', 'mood_rating', 'stress_level', 'physical_activity_hours_per_week', 'location_type', 'uses_wellness_apps', 'eats_healthy', 'caffeine_intake_mg_per_day', 'weekly_anxiety_score', 'weekly_depression_score', 'mindfulness_minutes_per_day']",177,22,184,43,141,3,0
ExtraTrees,RFECV,data,3.6068700980186406e+17,91.16940265155898,4.287445289117522,3.971778116347476,None,23,"['age', 'gender', 'daily_screen_time_hours', 'phone_usage_hours', 'laptop_usage_hours', 'tablet_usage_hours', 'tv_usage_hours', 'social_media_hours', 'work_related_hours', 'entertainment_hours', 'gaming_hours', 'sleep_duration_hours', 'sleep_quality', 'mood_rating', 'stress_level', 'physical_activity_hours_per_week', 'location_type', 'uses_wellness_apps', 'eats_healthy', 'caffeine_intake_mg_per_day', 'weekly_anxiety_score', 'weekly_depression_score', 'mindfulness_minutes_per_day']",176,21,181,39,142,5,0
ExtraTrees,Averaged_Ensemble,data,3.5839130860576326e+17,91.07828228041835,4.268670076320647,3.985982587594956,None,23,"['age', 'gender', 'daily_screen_time_hours', 'phone_usage_hours', 'laptop_usage_hours', 'tablet_usage_hours', 'tv_usage_hours', 'social_media_hours', 'work_related_hours', 'entertainment_hours', 'gaming_hours', 'sleep_duration_hours', 'sleep_quality', 'mood_rating', 'stress_level', 'physical_activity_hours_per_week', 'location_type', 'uses_wellness_apps', 'eats_healthy', 'caffeine_intake_mg_per_day', 'weekly_anxiety_score', 'weekly_depression_score', 'mindfulness_minutes_per_day']",176,24,181,44,137,3,0
ExtraTrees,Normal,cleaned_data,2.5484003075320986e+17,82.03200487287519,3.3874544715507304,3.348603312314809,None,23,"['age', 'gender', 'daily_screen_time_hours', 'phone_usage_hours', 'laptop_usage_hours', 'tablet_usage_hours', 'tv_usage_hours', 'social_media_hours', 'work_related_hours', 'entertainment_hours', 'gaming_hours', 'sleep_duration_hours', 'sleep_quality', 'mood_rating', 'stress_level', 'physical_activity_hours_per_week', 'location_type', 'uses_wellness_apps', 'eats_healthy', 'caffeine_intake_mg_per_day', 'weekly_anxiety_score', 'weekly_depression_score', 'mindfulness_minutes_per_day']",177,27,161,48,113,11,0
ExtraTrees,Tuned,cleaned_data,2.5996966006616275e+17,81.74795230566467,3.4123741046940976,3.360469507478772,"{'max_depth': 5, 'n_estimators': 100}",23,"['age', 'gender', 'daily_screen_time_hours', 'phone_usage_hours', 'laptop_usage_hours', 'tablet_usage_hours', 'tv_usage_hours', 'social_media_hours', 'work_related_hours', 'entertainment_hours', 'gaming_hours', 'sleep_duration_hours', 'sleep_quality', 'mood_rating', 'stress_level', 'physical_activity_hours_per_week', 'location_type', 'uses_wellness_apps', 'eats_healthy', 'caffeine_intake_mg_per_day', 'weekly_anxiety_score', 'weekly_depression_score', 'mindfulness_minutes_per_day']",176,23,166,48,118,9,0
ExtraTrees,RFECV,cleaned_data,2.5998870885243706e+17,81.78708177143092,3.4074824079646895,3.3425462157133636,None,21,"['age', 'daily_screen_time_hours', 'phone_usage_hours', 'laptop_usage_hours', 'tablet_usage_hours', 'tv_usage_hours', 'social_media_hours', 'work_related_hours', 'entertainment_hours', 'gaming_hours', 'sleep_duration_hours', 'sleep_quality', 'mood_rating', 'stress_level', 'physical_activity_hours_per_week', 'uses_wellness_apps', 'eats_healthy', 'caffeine_intake_mg_per_day', 'weekly_anxiety_score', 'weekly_depression_score', 'mindfulness_minutes_per_day']",175,26,168,55,113,8,0
ExtraTrees,Averaged_Ensemble,cleaned_data,2.5414417510380784e+17,81.58113479135527,3.365019004501496,3.3162587527538925,None,23,"['age', 'gender', 'daily_screen_time_hours', 'phone_usage_hours', 'laptop_usage_hours', 'tablet_usage_hours', 'tv_usage_hours', 'social_media_hours', 'work_related_hours', 'entertainment_hours', 'gaming_hours', 'sleep_duration_hours', 'sleep_quality', 'mood_rating', 'stress_level', 'physical_activity_hours_per_week', 'location_type', 'uses_wellness_apps', 'eats_healthy', 'caffeine_intake_mg_per_day', 'weekly_anxiety_score', 'weekly_depression_score', 'mindfulness_minutes_per_day']",173,30,169,57,112,10,0
ExtraTrees,Normal,binned_data,7.522613483331102e+16,56.28899033627713,1.922966093599773,1.8557813559744087,None,42,"['age', 'gender', 'daily_screen_time_hours', 'phone_usage_hours', 'laptop_usage_hours', 'tablet_usage_hours', 'tv_usage_hours', 'social_media_hours', 'work_related_hours', 'entertainment_hours', 'gaming_hours', 'sleep_duration_hours', 'sleep_quality', 'mood_rating', 'stress_level', 'physical_activity_hours_per_week', 'location_type', 'uses_wellness_apps', 'eats_healthy', 'caffeine_intake_mg_per_day', 'weekly_anxiety_score', 'weekly_depression_score', 'mindfulness_minutes_per_day', 'age_binned', 'daily_screen_time_hours_binned', 'phone_usage_hours_binned', 'laptop_usage_hours_binned', 'tablet_usage_hours_binned', 'tv_usage_hours_binned', 'social_media_hours_binned', 'work_related_hours_binned', 'entertainment_hours_binned', 'gaming_hours_binned', 'sleep_duration_hours_binned', 'sleep_quality_binned', 'mood_rating_binned', 'stress_level_binned', 'physical_activity_hours_per_week_binned', 'caffeine_intake_mg_per_day_binned', 'weekly_anxiety_score_binned', 'weekly_depression_score_binned', 'mindfulness_minutes_per_day_binned']",138,46,180,64,116,15,0
ExtraTrees,Tuned,binned_data,7.694775257714624e+16,55.02469985329833,1.8729690012833142,1.8394039719474053,"{'max_depth': 5, 'n_estimators': 100}",42,"['age', 'gender', 'daily_screen_time_hours', 'phone_usage_hours', 'laptop_usage_hours', 'tablet_usage_hours', 'tv_usage_hours', 'social_media_hours', 'work_related_hours', 'entertainment_hours', 'gaming_hours', 'sleep_duration_hours', 'sleep_quality', 'mood_rating', 'stress_level', 'physical_activity_hours_per_week', 'location_type', 'uses_wellness_apps', 'eats_healthy', 'caffeine_intake_mg_per_day', 'weekly_anxiety_score', 'weekly_depression_score', 'mindfulness_minutes_per_day', 'age_binned', 'daily_screen_time_hours_binned', 'phone_usage_hours_binned', 'laptop_usage_hours_binned', 'tablet_usage_hours_binned', 'tv_usage_hours_binned', 'social_media_hours_binned', 'work_related_hours_binned', 'entertainment_hours_binned', 'gaming_hours_binned', 'sleep_duration_hours_binned', 'sleep_quality_binned', 'mood_rating_binned', 'stress_level_binned', 'physical_activity_hours_per_week_binned', 'caffeine_intake_mg_per_day_binned', 'weekly_anxiety_score_binned', 'weekly_depression_score_binned', 'mindfulness_minutes_per_day_binned']",134,47,176,63,113,15,0
ExtraTrees,RFECV,binned_data,7.666663668743496e+16,55.04737554835756,1.8754290461148142,1.839055691473579,None,40,"['age', 'gender', 'daily_screen_time_hours', 'phone_usage_hours', 'laptop_usage_hours', 'tablet_usage_hours', 'tv_usage_hours', 'social_media_hours', 'work_related_hours', 'entertainment_hours', 'gaming_hours', 'sleep_duration_hours', 'sleep_quality', 'mood_rating', 'stress_level', 'physical_activity_hours_per_week', 'location_type', 'uses_wellness_apps', 'eats_healthy', 'caffeine_intake_mg_per_day', 'weekly_anxiety_score', 'weekly_depression_score', 'mindfulness_minutes_per_day', 'age_binned', 'daily_screen_time_hours_binned', 'phone_usage_hours_binned', 'tablet_usage_hours_binned', 'tv_usage_hours_binned', 'work_related_hours_binned', 'entertainment_hours_binned', 'gaming_hours_binned', 'sleep_duration_hours_binned', 'sleep_quality_binned', 'mood_rating_binned', 'stress_level_binned', 'physical_activity_hours_per_week_binned', 'caffeine_intake_mg_per_day_binned', 'weekly_anxiety_score_binned', 'weekly_depression_score_binned', 'mindfulness_minutes_per_day_binned']",136,46,180,65,115,15,0
ExtraTrees,Averaged_Ensemble,binned_data,7.675715376692349e+16,55.31646819112248,1.8829328943567152,1.8424539474566803,None,42,"['age', 'gender', 'daily_screen_time_hours', 'phone_usage_hours', 'laptop_usage_hours', 'tablet_usage_hours', 'tv_usage_hours', 'social_media_hours', 'work_related_hours', 'entertainment_hours', 'gaming_hours', 'sleep_duration_hours', 'sleep_quality', 'mood_rating', 'stress_level', 'physical_activity_hours_per_week', 'location_type', 'uses_wellness_apps', 'eats_healthy', 'caffeine_intake_mg_per_day', 'weekly_anxiety_score', 'weekly_depression_score', 'mindfulness_minutes_per_day', 'age_binned', 'daily_screen_time_hours_binned', 'phone_usage_hours_binned', 'laptop_usage_hours_binned', 'tablet_usage_hours_binned', 'tv_usage_hours_binned', 'social_media_hours_binned', 'work_related_hours_binned', 'entertainment_hours_binned', 'gaming_hours_binned', 'sleep_duration_hours_binned', 'sleep_quality_binned', 'mood_rating_binned', 'stress_level_binned', 'physical_activity_hours_per_week_binned', 'caffeine_intake_mg_per_day_binned', 'weekly_anxiety_score_binned', 'weekly_depression_score_binned', 'mindfulness_minutes_per_day_binned']",138,42,178,62,116,18,0
GradientBoosting,Normal,data,3.571765410480305e+17,92.20938852435619,4.3296099726743185,4.095835025996894,None,23,"['age', 'gender', 'daily_screen_time_hours', 'phone_usage_hours', 'laptop_usage_hours', 'tablet_usage_hours', 'tv_usage_hours', 'social_media_hours', 'work_related_hours', 'entertainment_hours', 'gaming_hours', 'sleep_duration_hours', 'sleep_quality', 'mood_rating', 'stress_level', 'physical_activity_hours_per_week', 'location_type', 'uses_wellness_apps', 'eats_healthy', 'caffeine_intake_mg_per_day', 'weekly_anxiety_score', 'weekly_depression_score', 'mindfulness_minutes_per_day']",177,20,180,41,139,4,0
GradientBoosting,Tuned,data,3.5895171120545734e+17,91.17876112315015,4.302390827596168,4.028461854795981,"{'learning_rate': 0.1, 'n_estimators': 50}",23,"['age', 'gender', 'daily_screen_time_hours', 'phone_usage_hours', 'laptop_usage_hours', 'tablet_usage_hours', 'tv_usage_hours', 'social_media_hours', 'work_related_hours', 'entertainment_hours', 'gaming_hours', 'sleep_duration_hours', 'sleep_quality', 'mood_rating', 'stress_level', 'physical_activity_hours_per_week', 'location_type', 'uses_wellness_apps', 'eats_healthy', 'caffeine_intake_mg_per_day', 'weekly_anxiety_score', 'weekly_depression_score', 'mindfulness_minutes_per_day']",177,20,179,42,137,6,0
GradientBoosting,RFECV,data,3.6329510948796954e+17,91.3021516014094,4.311172356201956,4.008163120099609,None,16,"['age', 'daily_screen_time_hours', 'phone_usage_hours', 'laptop_usage_hours', 'tablet_usage_hours', 'tv_usage_hours', 'social_media_hours', 'entertainment_hours', 'gaming_hours', 'sleep_duration_hours', 'stress_level', 'physical_activity_hours_per_week', 'uses_wellness_apps', 'caffeine_intake_mg_per_day', 'weekly_depression_score', 'mindfulness_minutes_per_day']",174,21,187,49,138,3,0
GradientBoosting,Averaged_Ensemble,data,3.5779929134709414e+17,91.05806320062239,4.276115314597211,4.009054595437363,None,23,"['age', 'gender', 'daily_screen_time_hours', 'phone_usage_hours', 'laptop_usage_hours', 'tablet_usage_hours', 'tv_usage_hours', 'social_media_hours', 'work_related_hours', 'entertainment_hours', 'gaming_hours', 'sleep_duration_hours', 'sleep_quality', 'mood_rating', 'stress_level', 'physical_activity_hours_per_week', 'location_type', 'uses_wellness_apps', 'eats_healthy', 'caffeine_intake_mg_per_day', 'weekly_anxiety_score', 'weekly_depression_score', 'mindfulness_minutes_per_day']",178,21,182,46,136,4,0
GradientBoosting,Normal,cleaned_data,2.398118993812421e+17,83.06326762601343,3.461358474824488,3.3583805618532714,None,23,"['age', 'gender', 'daily_screen_time_hours', 'phone_usage_hours', 'laptop_usage_hours', 'tablet_usage_hours', 'tv_usage_hours', 'social_media_hours', 'work_related_hours', 'entertainment_hours', 'gaming_hours', 'sleep_duration_hours', 'sleep_quality', 'mood_rating', 'stress_level', 'physical_activity_hours_per_week', 'location_type', 'uses_wellness_apps', 'eats_healthy', 'caffeine_intake_mg_per_day', 'weekly_anxiety_score', 'weekly_depression_score', 'mindfulness_minutes_per_day']",171,27,167,51,116,12,0
GradientBoosting,Tuned,cleaned_data,2.455493848829531e+17,81.88736608077733,3.398647030153895,3.340503842522074,"{'learning_rate': 0.1, 'n_estimators': 50}",23,"['age', 'gender', 'daily_screen_time_hours', 'phone_usage_hours', 'laptop_usage_hours', 'tablet_usage_hours', 'tv_usage_hours', 'social_media_hours', 'work_related_hours', 'entertainment_hours', 'gaming_hours', 'sleep_duration_hours', 'sleep_quality', 'mood_rating', 'stress_level', 'physical_activity_hours_per_week', 'location_type', 'uses_wellness_apps', 'eats_healthy', 'caffeine_intake_mg_per_day', 'weekly_anxiety_score', 'weekly_depression_score', 'mindfulness_minutes_per_day']",169,25,171,53,118,11,0
GradientBoosting,RFECV,cleaned_data,2.455493848829531e+17,81.84717422033164,3.3963705600831973,3.3400107805896346,None,23,"['age', 'gender', 'daily_screen_time_hours', 'phone_usage_hours', 'laptop_usage_hours', 'tablet_usage_hours', 'tv_usage_hours', 'social_media_hours', 'work_related_hours', 'entertainment_hours', 'gaming_hours', 'sleep_duration_hours', 'sleep_quality', 'mood_rating', 'stress_level', 'physical_activity_hours_per_week', 'location_type', 'uses_wellness_apps', 'eats_healthy', 'caffeine_intake_mg_per_day', 'weekly_anxiety_score', 'weekly_depression_score', 'mindfulness_minutes_per_day']",169,26,169,51,118,11,0
GradientBoosting,Averaged_Ensemble,cleaned_data,2.4933741670940464e+17,81.6822025761128,3.367706506922908,3.316994455413576,None,23,"['age', 'gender', 'daily_screen_time_hours', 'phone_usage_hours', 'laptop_usage_hours', 'tablet_usage_hours', 'tv_usage_hours', 'social_media_hours', 'work_related_hours', 'entertainment_hours', 'gaming_hours', 'sleep_duration_hours', 'sleep_quality', 'mood_rating', 'stress_level', 'physical_activity_hours_per_week', 'location_type', 'uses_wellness_apps', 'eats_healthy', 'caffeine_intake_mg_per_day', 'weekly_anxiety_score', 'weekly_depression_score', 'mindfulness_minutes_per_day']",171,33,165,51,114,5,0
GradientBoosting,Normal,binned_data,7.531824661040123e+16,56.2404540840674,1.910493802697583,1.8838831335465926,None,42,"['age', 'gender', 'daily_screen_time_hours', 'phone_usage_hours', 'laptop_usage_hours', 'tablet_usage_hours', 'tv_usage_hours', 'social_media_hours', 'work_related_hours', 'entertainment_hours', 'gaming_hours', 'sleep_duration_hours', 'sleep_quality', 'mood_rating', 'stress_level', 'physical_activity_hours_per_week', 'location_type', 'uses_wellness_apps', 'eats_healthy', 'caffeine_intake_mg_per_day', 'weekly_anxiety_score', 'weekly_depression_score', 'mindfulness_minutes_per_day', 'age_binned', 'daily_screen_time_hours_binned', 'phone_usage_hours_binned', 'laptop_usage_hours_binned', 'tablet_usage_hours_binned', 'tv_usage_hours_binned', 'social_media_hours_binned', 'work_related_hours_binned', 'entertainment_hours_binned', 'gaming_hours_binned', 'sleep_duration_hours_binned', 'sleep_quality_binned', 'mood_rating_binned', 'stress_level_binned', 'physical_activity_hours_per_week_binned', 'caffeine_intake_mg_per_day_binned', 'weekly_anxiety_score_binned', 'weekly_depression_score_binned', 'mindfulness_minutes_per_day_binned']",141,43,172,60,112,17,0
GradientBoosting,Tuned,binned_data,7.707970793218362e+16,55.566329066270356,1.8916687171457842,1.860829569297857,"{'learning_rate': 0.1, 'n_estimators': 50}",42,"['age', 'gender', 'daily_screen_time_hours', 'phone_usage_hours', 'laptop_usage_hours', 'tablet_usage_hours', 'tv_usage_hours', 'social_media_hours', 'work_related_hours', 'entertainment_hours', 'gaming_hours', 'sleep_duration_hours', 'sleep_quality', 'mood_rating', 'stress_level', 'physical_activity_hours_per_week', 'location_type', 'uses_wellness_apps', 'eats_healthy', 'caffeine_intake_mg_per_day', 'weekly_anxiety_score', 'weekly_depression_score', 'mindfulness_minutes_per_day', 'age_binned', 'daily_screen_time_hours_binned', 'phone_usage_hours_binned', 'laptop_usage_hours_binned', 'tablet_usage_hours_binned', 'tv_usage_hours_binned', 'social_media_hours_binned', 'work_related_hours_binned', 'entertainment_hours_binned', 'gaming_hours_binned', 'sleep_duration_hours_binned', 'sleep_quality_binned', 'mood_rating_binned', 'stress_level_binned', 'physical_activity_hours_per_week_binned', 'caffeine_intake_mg_per_day_binned', 'weekly_anxiety_score_binned', 'weekly_depression_score_binned', 'mindfulness_minutes_per_day_binned']",141,42,170,57,113,15,0
GradientBoosting,RFECV,binned_data,7.626791945624003e+16,55.734139327125995,1.8949559562432214,1.8574260712780335,None,34,"['age', 'gender', 'phone_usage_hours', 'laptop_usage_hours', 'tablet_usage_hours', 'tv_usage_hours', 'social_media_hours', 'work_related_hours', 'entertainment_hours', 'gaming_hours', 'sleep_duration_hours', 'sleep_quality', 'mood_rating', 'stress_level', 'location_type', 'uses_wellness_apps', 'eats_healthy', 'caffeine_intake_mg_per_day', 'weekly_anxiety_score', 'age_binned', 'phone_usage_hours_binned', 'tv_usage_hours_binned', 'social_media_hours_binned', 'work_related_hours_binned', 'entertainment_hours_binned', 'gaming_hours_binned', 'sleep_duration_hours_binned', 'sleep_quality_binned', 'mood_rating_binned', 'stress_level_binned', 'caffeine_intake_mg_per_day_binned', 'weekly_anxiety_score_binned', 'weekly_depression_score_binned', 'mindfulness_minutes_per_day_binned']",141,39,172,54,118,18,0
GradientBoosting,Averaged_Ensemble,binned_data,7.680113888526928e+16,55.470141000185336,1.8897626645740941,1.8506246810830733,None,42,"['age', 'gender', 'daily_screen_time_hours', 'phone_usage_hours', 'laptop_usage_hours', 'tablet_usage_hours', 'tv_usage_hours', 'social_media_hours', 'work_related_hours', 'entertainment_hours', 'gaming_hours', 'sleep_duration_hours', 'sleep_quality', 'mood_rating', 'stress_level', 'physical_activity_hours_per_week', 'location_type', 'uses_wellness_apps', 'eats_healthy', 'caffeine_intake_mg_per_day', 'weekly_anxiety_score', 'weekly_depression_score', 'mindfulness_minutes_per_day', 'age_binned', 'daily_screen_time_hours_binned', 'phone_usage_hours_binned', 'laptop_usage_hours_binned', 'tablet_usage_hours_binned', 'tv_usage_hours_binned', 'social_media_hours_binned', 'work_related_hours_binned', 'entertainment_hours_binned', 'gaming_hours_binned', 'sleep_duration_hours_binned', 'sleep_quality_binned', 'mood_rating_binned', 'stress_level_binned', 'physical_activity_hours_per_week_binned', 'caffeine_intake_mg_per_day_binned', 'weekly_anxiety_score_binned', 'weekly_depression_score_binned', 'mindfulness_minutes_per_day_binned']",140,43,177,62,115,14,0
SVR,Normal,data,2.939024523807028e+17,95.87335489225077,4.43756539873025,4.074808187637442,None,23,"['age', 'gender', 'daily_screen_time_hours', 'phone_usage_hours', 'laptop_usage_hours', 'tablet_usage_hours', 'tv_usage_hours', 'social_media_hours', 'work_related_hours', 'entertainment_hours', 'gaming_hours', 'sleep_duration_hours', 'sleep_quality', 'mood_rating', 'stress_level', 'physical_activity_hours_per_week', 'location_type', 'uses_wellness_apps', 'eats_healthy', 'caffeine_intake_mg_per_day', 'weekly_anxiety_score', 'weekly_depression_score', 'mindfulness_minutes_per_day']",164,13,201,32,169,7,0
SVR,Tuned,data,2.939024523807028e+17,95.87335489225077,4.43756539873025,4.074808187637442,"{'C': 1.0, 'kernel': 'rbf'}",23,"['age', 'gender', 'daily_screen_time_hours', 'phone_usage_hours', 'laptop_usage_hours', 'tablet_usage_hours', 'tv_usage_hours', 'social_media_hours', 'work_related_hours', 'entertainment_hours', 'gaming_hours', 'sleep_duration_hours', 'sleep_quality', 'mood_rating', 'stress_level', 'physical_activity_hours_per_week', 'location_type', 'uses_wellness_apps', 'eats_healthy', 'caffeine_intake_mg_per_day', 'weekly_anxiety_score', 'weekly_depression_score', 'mindfulness_minutes_per_day']",164,13,201,32,169,7,0
SVR,RFECV,data,2.4830439074731e+17,97.68031959205652,4.328872417607482,4.02262770764656,None,3,"['sleep_duration_hours', 'stress_level', 'physical_activity_hours_per_week']",150,23,207,36,171,4,0
SVR,Averaged_Ensemble,data,3.3611620507217594e+17,92.23588078603765,4.289997337717989,3.9883695453973353,None,23,"['age', 'gender', 'daily_screen_time_hours', 'phone_usage_hours', 'laptop_usage_hours', 'tablet_usage_hours', 'tv_usage_hours', 'social_media_hours', 'work_related_hours', 'entertainment_hours', 'gaming_hours', 'sleep_duration_hours', 'sleep_quality', 'mood_rating', 'stress_level', 'physical_activity_hours_per_week', 'location_type', 'uses_wellness_apps', 'eats_healthy', 'caffeine_intake_mg_per_day', 'weekly_anxiety_score', 'weekly_depression_score', 'mindfulness_minutes_per_day']",174,22,187,43,144,2,0
SVR,Normal,cleaned_data,2.2091981757578634e+17,84.38408187637694,3.411450974642547,3.467415157028999,None,23,"['age', 'gender', 'daily_screen_time_hours', 'phone_usage_hours', 'laptop_usage_hours', 'tablet_usage_hours', 'tv_usage_hours', 'social_media_hours', 'work_related_hours', 'entertainment_hours', 'gaming_hours', 'sleep_duration_hours', 'sleep_quality', 'mood_rating', 'stress_level', 'physical_activity_hours_per_week', 'location_type', 'uses_wellness_apps', 'eats_healthy', 'caffeine_intake_mg_per_day', 'weekly_anxiety_score', 'weekly_depression_score', 'mindfulness_minutes_per_day']",159,33,183,47,136,7,0
SVR,Tuned,cleaned_data,2.2091981757578634e+17,84.38408187637694,3.411450974642547,3.467415157028999,"{'C': 1.0, 'kernel': 'rbf'}",23,"['age', 'gender', 'daily_screen_time_hours', 'phone_usage_hours', 'laptop_usage_hours', 'tablet_usage_hours', 'tv_usage_hours', 'social_media_hours', 'work_related_hours', 'entertainment_hours', 'gaming_hours', 'sleep_duration_hours', 'sleep_quality', 'mood_rating', 'stress_level', 'physical_activity_hours_per_week', 'location_type', 'uses_wellness_apps', 'eats_healthy', 'caffeine_intake_mg_per_day', 'weekly_anxiety_score', 'weekly_depression_score', 'mindfulness_minutes_per_day']",159,33,183,47,136,7,0
SVR,RFECV,cleaned_data,1.6240304681718845e+17,86.06244117112722,3.316678294458836,3.3349725778201305,None,3,"['sleep_duration_hours', 'stress_level', 'physical_activity_hours_per_week']",155,31,182,54,128,8,0
SVR,Averaged_Ensemble,cleaned_data,2.408656394988357e+17,82.13929420318601,3.3410705772307576,3.31809624628418,None,23,"['age', 'gender', 'daily_screen_time_hours', 'phone_usage_hours', 'laptop_usage_hours', 'tablet_usage_hours', 'tv_usage_hours', 'social_media_hours', 'work_related_hours', 'entertainment_hours', 'gaming_hours', 'sleep_duration_hours', 'sleep_quality', 'mood_rating', 'stress_level', 'physical_activity_hours_per_week', 'location_type', 'uses_wellness_apps', 'eats_healthy', 'caffeine_intake_mg_per_day', 'weekly_anxiety_score', 'weekly_depression_score', 'mindfulness_minutes_per_day']",169,30,173,50,123,9,0
SVR,Normal,binned_data,7.644032150215035e+16,57.115045993504275,1.952055748084605,1.8923240592233193,None,42,"['age', 'gender', 'daily_screen_time_hours', 'phone_usage_hours', 'laptop_usage_hours', 'tablet_usage_hours', 'tv_usage_hours', 'social_media_hours', 'work_related_hours', 'entertainment_hours', 'gaming_hours', 'sleep_duration_hours', 'sleep_quality', 'mood_rating', 'stress_level', 'physical_activity_hours_per_week', 'location_type', 'uses_wellness_apps', 'eats_healthy', 'caffeine_intake_mg_per_day', 'weekly_anxiety_score', 'weekly_depression_score', 'mindfulness_minutes_per_day', 'age_binned', 'daily_screen_time_hours_binned', 'phone_usage_hours_binned', 'laptop_usage_hours_binned', 'tablet_usage_hours_binned', 'tv_usage_hours_binned', 'social_media_hours_binned', 'work_related_hours_binned', 'entertainment_hours_binned', 'gaming_hours_binned', 'sleep_duration_hours_binned', 'sleep_quality_binned', 'mood_rating_binned', 'stress_level_binned', 'physical_activity_hours_per_week_binned', 'caffeine_intake_mg_per_day_binned', 'weekly_anxiety_score_binned', 'weekly_depression_score_binned', 'mindfulness_minutes_per_day_binned']",140,32,181,67,114,14,0
SVR,Tuned,binned_data,7.644032150215035e+16,57.115045993504275,1.952055748084605,1.8923240592233193,"{'C': 1.0, 'kernel': 'rbf'}",42,"['age', 'gender', 'daily_screen_time_hours', 'phone_usage_hours', 'laptop_usage_hours', 'tablet_usage_hours', 'tv_usage_hours', 'social_media_hours', 'work_related_hours', 'entertainment_hours', 'gaming_hours', 'sleep_duration_hours', 'sleep_quality', 'mood_rating', 'stress_level', 'physical_activity_hours_per_week', 'location_type', 'uses_wellness_apps', 'eats_healthy', 'caffeine_intake_mg_per_day', 'weekly_anxiety_score', 'weekly_depression_score', 'mindfulness_minutes_per_day', 'age_binned', 'daily_screen_time_hours_binned', 'phone_usage_hours_binned', 'laptop_usage_hours_binned', 'tablet_usage_hours_binned', 'tv_usage_hours_binned', 'social_media_hours_binned', 'work_related_hours_binned', 'entertainment_hours_binned', 'gaming_hours_binned', 'sleep_duration_hours_binned', 'sleep_quality_binned', 'mood_rating_binned', 'stress_level_binned', 'physical_activity_hours_per_week_binned', 'caffeine_intake_mg_per_day_binned', 'weekly_anxiety_score_binned', 'weekly_depression_score_binned', 'mindfulness_minutes_per_day_binned']",140,32,181,67,114,14,0
SVR,RFECV,binned_data,7.083173573512465e+16,55.55257531552647,1.8788934438419258,1.841916277047732,None,2,"['sleep_quality_binned', 'stress_level_binned']",139,40,183,75,108,15,0
SVR,Averaged_Ensemble,binned_data,7.658801007525819e+16,55.75584460430421,1.8971357335604997,1.8484875228655768,None,42,"['age', 'gender', 'daily_screen_time_hours', 'phone_usage_hours', 'laptop_usage_hours', 'tablet_usage_hours', 'tv_usage_hours', 'social_media_hours', 'work_related_hours', 'entertainment_hours', 'gaming_hours', 'sleep_duration_hours', 'sleep_quality', 'mood_rating', 'stress_level', 'physical_activity_hours_per_week', 'location_type', 'uses_wellness_apps', 'eats_healthy', 'caffeine_intake_mg_per_day', 'weekly_anxiety_score', 'weekly_depression_score', 'mindfulness_minutes_per_day', 'age_binned', 'daily_screen_time_hours_binned', 'phone_usage_hours_binned', 'laptop_usage_hours_binned', 'tablet_usage_hours_binned', 'tv_usage_hours_binned', 'social_media_hours_binned', 'work_related_hours_binned', 'entertainment_hours_binned', 'gaming_hours_binned', 'sleep_duration_hours_binned', 'sleep_quality_binned', 'mood_rating_binned', 'stress_level_binned', 'physical_activity_hours_per_week_binned', 'caffeine_intake_mg_per_day_binned', 'weekly_anxiety_score_binned', 'weekly_depression_score_binned', 'mindfulness_minutes_per_day_binned']",139,38,181,68,113,16,0
KNN,Normal,data,4.064076446795478e+17,97.04183169710765,4.8423995420243395,4.456951901528012,None,23,"['age', 'gender', 'daily_screen_time_hours', 'phone_usage_hours', 'laptop_usage_hours', 'tablet_usage_hours', 'tv_usage_hours', 'social_media_hours', 'work_related_hours', 'entertainment_hours', 'gaming_hours', 'sleep_duration_hours', 'sleep_quality', 'mood_rating', 'stress_level', 'physical_activity_hours_per_week', 'location_type', 'uses_wellness_apps', 'eats_healthy', 'caffeine_intake_mg_per_day', 'weekly_anxiety_score', 'weekly_depression_score', 'mindfulness_minutes_per_day']",162,29,190,39,151,7,0
KNN,Tuned,data,4.065028101952305e+17,96.88673741563866,4.838573663708422,4.4549026883884375,"{'n_neighbors': 5, 'weights': 'distance'}",23,"['age', 'gender', 'daily_screen_time_hours', 'phone_usage_hours', 'laptop_usage_hours', 'tablet_usage_hours', 'tv_usage_hours', 'social_media_hours', 'work_related_hours', 'entertainment_hours', 'gaming_hours', 'sleep_duration_hours', 'sleep_quality', 'mood_rating', 'stress_level', 'physical_activity_hours_per_week', 'location_type', 'uses_wellness_apps', 'eats_healthy', 'caffeine_intake_mg_per_day', 'weekly_anxiety_score', 'weekly_depression_score', 'mindfulness_minutes_per_day']",161,31,190,39,151,7,0
KNN,RFECV,data,3.2281604911242285e+17,96.14878046984464,4.620031380806222,4.384787784374708,None,2,"['sleep_duration_hours', 'stress_level']",170,25,180,37,143,13,4
KNN,Averaged_Ensemble,data,3.736496576770186e+17,91.05499142410939,4.3465004738791135,4.020774743877843,None,23,"['age', 'gender', 'daily_screen_time_hours', 'phone_usage_hours', 'laptop_usage_hours', 'tablet_usage_hours', 'tv_usage_hours', 'social_media_hours', 'work_related_hours', 'entertainment_hours', 'gaming_hours', 'sleep_duration_hours', 'sleep_quality', 'mood_rating', 'stress_level', 'physical_activity_hours_per_week', 'location_type', 'uses_wellness_apps', 'eats_healthy', 'caffeine_intake_mg_per_day', 'weekly_anxiety_score', 'weekly_depression_score', 'mindfulness_minutes_per_day']",173,26,182,45,137,5,0
KNN,Normal,cleaned_data,3.1396023154746886e+17,87.34930047267748,3.9195438112665304,3.9332306615463217,None,23,"['age', 'gender', 'daily_screen_time_hours', 'phone_usage_hours', 'laptop_usage_hours', 'tablet_usage_hours', 'tv_usage_hours', 'social_media_hours', 'work_related_hours', 'entertainment_hours', 'gaming_hours', 'sleep_duration_hours', 'sleep_quality', 'mood_rating', 'stress_level', 'physical_activity_hours_per_week', 'location_type', 'uses_wellness_apps', 'eats_healthy', 'caffeine_intake_mg_per_day', 'weekly_anxiety_score', 'weekly_depression_score', 'mindfulness_minutes_per_day']",170,16,182,38,144,9,0
KNN,Tuned,cleaned_data,3.146592501808686e+17,87.32399470671554,3.918560544257198,3.9352785610845333,"{'n_neighbors': 5, 'weights': 'distance'}",23,"['age', 'gender', 'daily_screen_time_hours', 'phone_usage_hours', 'laptop_usage_hours', 'tablet_usage_hours', 'tv_usage_hours', 'social_media_hours', 'work_related_hours', 'entertainment_hours', 'gaming_hours', 'sleep_duration_hours', 'sleep_quality', 'mood_rating', 'stress_level', 'physical_activity_hours_per_week', 'location_type', 'uses_wellness_apps', 'eats_healthy', 'caffeine_intake_mg_per_day', 'weekly_anxiety_score', 'weekly_depression_score', 'mindfulness_minutes_per_day']",168,18,184,41,143,10,0
KNN,RFECV,cleaned_data,2.2969809010318586e+17,86.28779653944638,3.806962393593035,3.860529558326253,None,2,"['sleep_duration_hours', 'stress_level']",164,33,171,43,128,14,4
KNN,Averaged_Ensemble,cleaned_data,2.723740384753765e+17,81.46648455966094,3.405340969068912,3.38417671148639,None,23,"['age', 'gender', 'daily_screen_time_hours', 'phone_usage_hours', 'laptop_usage_hours', 'tablet_usage_hours', 'tv_usage_hours', 'social_media_hours', 'work_related_hours', 'entertainment_hours', 'gaming_hours', 'sleep_duration_hours', 'sleep_quality', 'mood_rating', 'stress_level', 'physical_activity_hours_per_week', 'location_type', 'uses_wellness_apps', 'eats_healthy', 'caffeine_intake_mg_per_day', 'weekly_anxiety_score', 'weekly_depression_score', 'mindfulness_minutes_per_day']",173,21,176,56,120,8,0
KNN,Normal,binned_data,9.749230392350688e+16,61.906210607936444,2.3205189502155963,2.223182838423367,None,42,"['age', 'gender', 'daily_screen_time_hours', 'phone_usage_hours', 'laptop_usage_hours', 'tablet_usage_hours', 'tv_usage_hours', 'social_media_hours', 'work_related_hours', 'entertainment_hours', 'gaming_hours', 'sleep_duration_hours', 'sleep_quality', 'mood_rating', 'stress_level', 'physical_activity_hours_per_week', 'location_type', 'uses_wellness_apps', 'eats_healthy', 'caffeine_intake_mg_per_day', 'weekly_anxiety_score', 'weekly_depression_score', 'mindfulness_minutes_per_day', 'age_binned', 'daily_screen_time_hours_binned', 'phone_usage_hours_binned', 'laptop_usage_hours_binned', 'tablet_usage_hours_binned', 'tv_usage_hours_binned', 'social_media_hours_binned', 'work_related_hours_binned', 'entertainment_hours_binned', 'gaming_hours_binned', 'sleep_duration_hours_binned', 'sleep_quality_binned', 'mood_rating_binned', 'stress_level_binned', 'physical_activity_hours_per_week_binned', 'caffeine_intake_mg_per_day_binned', 'weekly_anxiety_score_binned', 'weekly_depression_score_binned', 'mindfulness_minutes_per_day_binned']",145,43,183,56,127,8,0
KNN,Tuned,binned_data,9.754006625352955e+16,61.915336008085696,2.321265757881237,2.222638971701656,"{'n_neighbors': 5, 'weights': 'distance'}",42,"['age', 'gender', 'daily_screen_time_hours', 'phone_usage_hours', 'laptop_usage_hours', 'tablet_usage_hours', 'tv_usage_hours', 'social_media_hours', 'work_related_hours', 'entertainment_hours', 'gaming_hours', 'sleep_duration_hours', 'sleep_quality', 'mood_rating', 'stress_level', 'physical_activity_hours_per_week', 'location_type', 'uses_wellness_apps', 'eats_healthy', 'caffeine_intake_mg_per_day', 'weekly_anxiety_score', 'weekly_depression_score', 'mindfulness_minutes_per_day', 'age_binned', 'daily_screen_time_hours_binned', 'phone_usage_hours_binned', 'laptop_usage_hours_binned', 'tablet_usage_hours_binned', 'tv_usage_hours_binned', 'social_media_hours_binned', 'work_related_hours_binned', 'entertainment_hours_binned', 'gaming_hours_binned', 'sleep_duration_hours_binned', 'sleep_quality_binned', 'mood_rating_binned', 'stress_level_binned', 'physical_activity_hours_per_week_binned', 'caffeine_intake_mg_per_day_binned', 'weekly_anxiety_score_binned', 'weekly_depression_score_binned', 'mindfulness_minutes_per_day_binned']",145,42,182,54,128,8,0
KNN,RFECV,binned_data,7.39660329629416e+16,63.07096554144116,2.1703529055927118,2.04231976004434,None,2,"['sleep_quality_binned', 'stress_level_binned']",147,35,177,48,129,18,0
KNN,Averaged_Ensemble,binned_data,8.362125832571792e+16,56.07569391264743,1.9575483867126222,1.8959901189940436,None,42,"['age', 'gender', 'daily_screen_time_hours', 'phone_usage_hours', 'laptop_usage_hours', 'tablet_usage_hours', 'tv_usage_hours', 'social_media_hours', 'work_related_hours', 'entertainment_hours', 'gaming_hours', 'sleep_duration_hours', 'sleep_quality', 'mood_rating', 'stress_level', 'physical_activity_hours_per_week', 'location_type', 'uses_wellness_apps', 'eats_healthy', 'caffeine_intake_mg_per_day', 'weekly_anxiety_score', 'weekly_depression_score', 'mindfulness_minutes_per_day', 'age_binned', 'daily_screen_time_hours_binned', 'phone_usage_hours_binned', 'laptop_usage_hours_binned', 'tablet_usage_hours_binned', 'tv_usage_hours_binned', 'social_media_hours_binned', 'work_related_hours_binned', 'entertainment_hours_binned', 'gaming_hours_binned', 'sleep_duration_hours_binned', 'sleep_quality_binned', 'mood_rating_binned', 'stress_level_binned', 'physical_activity_hours_per_week_binned', 'caffeine_intake_mg_per_day_binned', 'weekly_anxiety_score_binned', 'weekly_depression_score_binned', 'mindfulness_minutes_per_day_binned']",144,35,176,64,112,18,0
